Lag1,Lag2,Lag3,Lag4,Lag5,Volume,Today,Direction
381.0,-192.0,-2624.0,-1055.0,5.01,1.1913,959.0,Up
959.0,381.0,-192.0,-2624.0,-1055.0,1.2965,1032.0,Up
1032.0,959.0,381.0,-192.0,-2624.0,1.4112,-623.0,Down
-623.0,1032.0,959.0,381.0,-192.0,1276.0,614.0,Up
614.0,-623.0,1032.0,959.0,381.0,1.2057,213.0,Up
213.0,614.0,-623.0,1032.0,959.0,1.3491,1392.0,Up
1392.0,213.0,614.0,-623.0,1032.0,1445.0,-403.0,Down
-403.0,1392.0,213.0,614.0,-623.0,1.4078,27.0,Up
27.0,-403.0,1392.0,213.0,614.0,1164.0,1303.0,Up
1303.0,27.0,-403.0,1392.0,213.0,1.2326,287.0,Up
287.0,1303.0,27.0,-403.0,1392.0,1309.0,-498.0,Down
-498.0,287.0,1303.0,27.0,-403.0,1258.0,-189.0,Down
-189.0,-498.0,287.0,1303.0,27.0,1098.0,0.68,Up
0.68,-189.0,-498.0,287.0,1303.0,1.0531,701.0,Up
701.0,0.68,-189.0,-498.0,287.0,1.1498,-562.0,Down
-562.0,701.0,0.68,-189.0,-498.0,1.2953,546.0,Up
546.0,-562.0,701.0,0.68,-189.0,1.1188,-1747.0,Down
-1747.0,546.0,-562.0,701.0,0.68,1.0484,359.0,Up
359.0,-1747.0,546.0,-562.0,701.0,1013.0,-151.0,Down
-151.0,359.0,-1747.0,546.0,-562.0,1.0596,-841.0,Down
-841.0,-151.0,359.0,-1747.0,546.0,1.1583,-623.0,Down
-623.0,-841.0,-151.0,359.0,-1747.0,1.1072,-1334.0,Down
-1334.0,-623.0,-841.0,-151.0,359.0,1.0755,1183.0,Up
1183.0,-1334.0,-623.0,-841.0,-151.0,1.0391,-865.0,Down
-865.0,1183.0,-1334.0,-623.0,-841.0,1.0752,-218.0,Down
-218.0,-865.0,1183.0,-1334.0,-623.0,1.1503,812.0,Up
812.0,-218.0,-865.0,1183.0,-1334.0,1.1537,-1891.0,Down
-1891.0,812.0,-218.0,-865.0,1183.0,1.2572,-1736.0,Down
-1736.0,-1891.0,812.0,-218.0,-865.0,1.1122,-1851.0,Down
-1851.0,-1736.0,-1891.0,812.0,-218.0,1.2085,-195.0,Down
-195.0,-1851.0,-1736.0,-1891.0,812.0,1.3659,-556.0,Down
-556.0,-195.0,-1851.0,-1736.0,-1891.0,1.2313,1749.0,Up
1749.0,-556.0,-195.0,-1851.0,-1736.0,1.1308,-766.0,Down
-766.0,1749.0,-556.0,-195.0,-1851.0,1.1141,-1431.0,Down
-1431.0,-766.0,1749.0,-556.0,-195.0,1.2253,104.0,Up
104.0,-1431.0,-766.0,1749.0,-556.0,1.2949,-568.0,Down
-568.0,104.0,-1431.0,-766.0,1749.0,1294.0,586.0,Up
586.0,-568.0,104.0,-1431.0,-766.0,0.9292,998.0,Up
998.0,586.0,-568.0,104.0,-1431.0,1.0918,645.0,Up
645.0,998.0,586.0,-568.0,104.0,1.1322,226.0,Up
226.0,645.0,998.0,586.0,-568.0,1.1141,-2476.0,Down
-2476.0,226.0,645.0,998.0,586.0,1.0859,-4318.0,Down
-4318.0,-2476.0,226.0,645.0,998.0,1229.0,1483.0,Up
1483.0,-4318.0,-2476.0,226.0,645.0,1.3609,-2584.0,Down
-2584.0,1483.0,-4318.0,-2476.0,226.0,1.3974,587.0,Up
587.0,-2584.0,1483.0,-4318.0,-2476.0,1.2595,-1962.0,Down
-1962.0,587.0,-2584.0,1483.0,-4318.0,1.54356,1763.0,Up
1763.0,-1962.0,587.0,-2584.0,1483.0,1.1262,-2408.0,Down
-2408.0,1763.0,-1962.0,587.0,-2584.0,1.2359,-1792.0,Down
-1792.0,-2408.0,1763.0,-1962.0,587.0,1.3463,-406.0,Down
-406.0,-1792.0,-2408.0,1763.0,-1962.0,1.72395,1991.0,Up
1991.0,-406.0,-1792.0,-2408.0,1763.0,1.3649,1128.0,Up
1128.0,1991.0,-406.0,-1792.0,-2408.0,1114.0,2557.0,Up
2557.0,1128.0,1991.0,-406.0,-1792.0,1.3142,-2443.0,Down
-2443.0,2557.0,1128.0,1991.0,-406.0,1.3334,-463.0,Down
-463.0,-2443.0,2557.0,1128.0,1991.0,1.2345,1078.0,Up
1078.0,-463.0,-2443.0,2557.0,1128.0,1.2808,-1246.0,Down
-1246.0,1078.0,-463.0,-2443.0,2557.0,1.2549,-3439.0,Down
-3439.0,-1246.0,1078.0,-463.0,-2443.0,1.3861,-0.29,Down
-0.29,-3439.0,-1246.0,1078.0,-463.0,1.42559,4368.0,Up
4368.0,-0.29,-3439.0,-1246.0,1078.0,1368.0,-1998.0,Down
-1998.0,4368.0,-0.29,-3439.0,-1246.0,1.2668,812.0,Up
812.0,-1998.0,4368.0,-0.29,-3439.0,1.0628,2707.0,Up
2707.0,812.0,-1998.0,4368.0,-0.29,1.3496,-213.0,Down
-213.0,2707.0,812.0,-1998.0,4368.0,1.2903,1.51,Up
1.51,-213.0,2707.0,812.0,-1998.0,1102.0,-323.0,Down
-323.0,1.51,-213.0,2707.0,812.0,0.9139,1028.0,Up
1028.0,-323.0,1.51,-213.0,2707.0,1.1096,3889.0,Up
3889.0,1028.0,-323.0,1.51,-213.0,1.9189,1254.0,Up
1254.0,3889.0,1028.0,-323.0,1.51,1.4868,-854.0,Down
-854.0,1254.0,3889.0,1028.0,-323.0,1.3387,-1498.0,Down
-1498.0,-854.0,1254.0,3889.0,1028.0,1.0126,-1216.0,Down
-1216.0,-1498.0,-854.0,1254.0,3889.0,1.2165,1594.0,Up
1594.0,-1216.0,-1498.0,-854.0,1254.0,1.2036,0.47,Up
0.47,1594.0,-1216.0,-1498.0,-854.0,1.3452,1501.0,Up
1501.0,0.47,1594.0,-1216.0,-1498.0,1.0913,-287.0,Down
-287.0,1501.0,0.47,1594.0,-1216.0,1.2668,1359.0,Up
1359.0,-287.0,1501.0,0.47,1594.0,1.1813,78.0,Up
78.0,1359.0,-287.0,1501.0,0.47,1.3422,-1487.0,Down
-1487.0,78.0,1359.0,-287.0,1501.0,1.1379,1444.0,Up
1444.0,-1487.0,78.0,1359.0,-287.0,1.0821,-245.0,Down
-245.0,1444.0,-1487.0,78.0,1359.0,949.0,-183.0,Down
-183.0,-245.0,1444.0,-1487.0,78.0,1.0063,-449.0,Down
-449.0,-183.0,-245.0,1444.0,-1487.0,1.1324,-29.0,Down
-29.0,-449.0,-183.0,-245.0,1444.0,1.0567,-758.0,Down
-758.0,-29.0,-449.0,-183.0,-245.0,0.9062,261.0,Up
261.0,-758.0,-29.0,-449.0,-183.0,0.8582,42.0,Up
42.0,261.0,-758.0,-29.0,-449.0,1.0718,2845.0,Up
2845.0,42.0,261.0,-758.0,-29.0,1.4053,272.0,Up
272.0,2845.0,42.0,261.0,-758.0,1.3556,269.0,Up
269.0,272.0,2845.0,42.0,261.0,1.1308,1615.0,Up
1615.0,269.0,272.0,2845.0,42.0,1.1749,-263.0,Down
-263.0,1615.0,269.0,272.0,2845.0,1.2604,-1553.0,Down
-1553.0,-263.0,1615.0,269.0,272.0,1.1348,0.32,Up
0.32,-1553.0,-263.0,1615.0,269.0,1.1007,-1182.0,Down
-1182.0,0.32,-1553.0,-263.0,1615.0,0.8281,-779.0,Down
-779.0,-1182.0,0.32,-1553.0,-263.0,1026.0,-1566.0,Down
-1566.0,-779.0,-1182.0,0.32,-1553.0,1.1586,0.62,Up
0.62,-1566.0,-779.0,-1182.0,0.32,1.2266,386.0,Up
386.0,0.62,-1566.0,-779.0,-1182.0,1015.0,511.0,Up
511.0,386.0,0.62,-1566.0,-779.0,0.8365,1299.0,Up
1299.0,511.0,386.0,0.62,-1566.0,1.1168,-1055.0,Down
-1055.0,1299.0,511.0,386.0,0.62,1.0619,546.0,Up
546.0,-1055.0,1299.0,511.0,386.0,1.0896,-0.94,Down
-0.94,546.0,-1055.0,1299.0,511.0,0.7262,-836.0,Down
-836.0,-0.94,546.0,-1055.0,1299.0,0.8701,116.0,Up
116.0,-836.0,-0.94,546.0,-1055.0,1.1365,-1135.0,Down
-1135.0,116.0,-836.0,-0.94,546.0,1.0636,-1.75,Down
-1.75,-1135.0,116.0,-836.0,-0.94,1.2429,-452.0,Down
-452.0,-1.75,-1135.0,116.0,-836.0,1.63555,-488.0,Down
-488.0,-452.0,-1.75,-1135.0,116.0,1.1116,343.0,Up
343.0,-488.0,-452.0,-1.75,-1135.0,1.1849,871.0,Up
871.0,343.0,-488.0,-452.0,-1.75,1.3501,1136.0,Up
1136.0,871.0,343.0,-488.0,-452.0,1.54682,-945.0,Down
-945.0,1136.0,871.0,343.0,-488.0,1.1892,-551.0,Down
-551.0,-945.0,1136.0,871.0,343.0,1.0501,-151.0,Down
-151.0,-551.0,-945.0,1136.0,871.0,1.1989,-468.0,Down
-468.0,-151.0,-551.0,-945.0,1136.0,1.1621,1249.0,Up
1249.0,-468.0,-151.0,-551.0,-945.0,1.3273,-148.0,Down
-148.0,1249.0,-468.0,-151.0,-551.0,1.83236,1008.0,Up
1008.0,-148.0,1249.0,-468.0,-151.0,1.1283,-184.0,Down
-184.0,1008.0,-148.0,1249.0,-468.0,0.62211,-1232.0,Down
-1232.0,-184.0,1008.0,-148.0,1249.0,0.9349,-2.35,Down
-2.35,-1232.0,-184.0,1008.0,-148.0,1.0567,688.0,Up
688.0,-2.35,-1232.0,-184.0,1008.0,1.0457,-1.44,Down
-1.44,688.0,-2.35,-1232.0,-184.0,1.2638,-113.0,Down
-113.0,-1.44,688.0,-2.35,-1232.0,1.3841,2369.0,Up
2369.0,-113.0,-1.44,688.0,-2.35,1394.0,624.0,Up
624.0,2369.0,-113.0,-1.44,688.0,1.1217,-1088.0,Down
-1088.0,624.0,2369.0,-113.0,-1.44,1.0398,997.0,Up
997.0,-1088.0,624.0,2369.0,-113.0,1.2381,-554.0,Down
-554.0,997.0,-1088.0,624.0,2369.0,1.3163,605.0,Up
605.0,-554.0,997.0,-1088.0,624.0,1.3435,-343.0,Down
-343.0,605.0,-554.0,997.0,-1088.0,1.1709,-1637.0,Down
-1637.0,-343.0,605.0,-554.0,997.0,0.9869,-1627.0,Down
-1627.0,-1637.0,-343.0,605.0,-554.0,1.1987,1608.0,Up
1608.0,-1627.0,-1637.0,-343.0,605.0,1.2807,1045.0,Up
1045.0,1608.0,-1627.0,-1637.0,-343.0,1.2139,0.24,Up
0.24,1045.0,1608.0,-1627.0,-1637.0,1.0153,-108.0,Down
-108.0,0.24,1045.0,1608.0,-1627.0,0.9091,557.0,Up
557.0,-108.0,0.24,1045.0,1608.0,1.1292,388.0,Up
388.0,557.0,-108.0,0.24,1045.0,1.3403,396.0,Up
396.0,388.0,557.0,-108.0,0.24,1.2183,-524.0,Down
-524.0,396.0,388.0,557.0,-108.0,0.9399,-1142.0,Down
-1142.0,-524.0,396.0,388.0,557.0,0.8117,327.0,Up
327.0,-1142.0,-524.0,396.0,388.0,1012.0,-1733.0,Down
-1733.0,327.0,-1142.0,-524.0,396.0,1.1246,-8.0,Down
-8.0,-1733.0,327.0,-1142.0,-524.0,1.1042,569.0,Up
569.0,-8.0,-1733.0,327.0,-1142.0,0.9609,95.0,Up
95.0,569.0,-8.0,-1733.0,327.0,0.8376,-383.0,Down
-383.0,95.0,569.0,-8.0,-1733.0,0.9646,-734.0,Down
-734.0,-383.0,95.0,569.0,-8.0,1.0656,309.0,Up
309.0,-734.0,-383.0,95.0,569.0,1.0554,-1666.0,Down
-1666.0,309.0,-734.0,-383.0,95.0,0.9743,812.0,Up
812.0,-1666.0,309.0,-734.0,-383.0,0.8971,-1208.0,Down
-1208.0,812.0,-1666.0,309.0,-734.0,1.0416,696.0,Up
696.0,-1208.0,812.0,-1666.0,309.0,1.1108,-276.0,Down
-276.0,696.0,-1208.0,812.0,-1666.0,0.9862,1965.0,Up
1965.0,-276.0,696.0,-1208.0,812.0,1.0436,-483.0,Down
-483.0,1965.0,-276.0,696.0,-1208.0,0.8426,-1501.0,Down
-1501.0,-483.0,1965.0,-276.0,696.0,0.9871,-1115.0,Down
-1115.0,-1501.0,-483.0,1965.0,-276.0,0.9637,-1.7,Down
-1.7,-1115.0,-1501.0,-483.0,1965.0,1157.0,403.0,Up
403.0,-1.7,-1115.0,-1501.0,-483.0,0.9201,-56.0,Down
-56.0,403.0,-1.7,-1115.0,-1501.0,1.1783,-106.0,Down
-106.0,-56.0,403.0,-1.7,-1115.0,1.3845,-2239.0,Down
-2239.0,-106.0,-56.0,403.0,-1.7,1.3597,-1864.0,Down
-1864.0,-2239.0,-106.0,-56.0,403.0,1.4243,623.0,Up
623.0,-1864.0,-2239.0,-106.0,-56.0,1.2766,-4922.0,Down
-4922.0,623.0,-1864.0,-2239.0,-106.0,2.33083,-0.58,Down
-0.58,-4922.0,623.0,-1864.0,-2239.0,1.65041,-1611.0,Down
-1611.0,-0.58,-4922.0,623.0,-1864.0,2.12055,-3106.0,Down
-3106.0,-1611.0,-0.58,-4922.0,623.0,2.0048,-1903.0,Down
-1903.0,-3106.0,-1611.0,-0.58,-4922.0,2.3173,3898.0,Up
3898.0,-1903.0,-3106.0,-1611.0,-0.58,1.7466,879.0,Up
879.0,3898.0,-1903.0,-3106.0,-1611.0,1.6138,-517.0,Down
-517.0,879.0,3898.0,-1903.0,-3106.0,1.5191,1149.0,Up
1149.0,-517.0,879.0,3898.0,-1903.0,1467.0,2192.0,Up
2192.0,1149.0,-517.0,879.0,3898.0,1.6315,-0.23,Down
-0.23,2192.0,1149.0,-517.0,879.0,1.1756,1231.0,Up
1231.0,-0.23,2192.0,1149.0,-517.0,1.2898,1993.0,Up
1993.0,1231.0,-0.23,2192.0,1149.0,1.6506,-247.0,Down
-247.0,1993.0,1231.0,-0.23,2192.0,1.6091,164.0,Up
164.0,-247.0,1993.0,1231.0,-0.23,1.3017,-834.0,Down
-834.0,164.0,-247.0,1993.0,1231.0,979.0,-536.0,Down
-536.0,-834.0,164.0,-247.0,1993.0,1.2278,2294.0,Up
2294.0,-536.0,-834.0,164.0,-247.0,1.3124,1521.0,Up
1521.0,2294.0,-536.0,-834.0,164.0,1.70458,-527.0,Down
-527.0,1521.0,2294.0,-536.0,-834.0,1.3314,-153.0,Down
-153.0,-527.0,1521.0,2294.0,-536.0,1.0247,694.0,Up
694.0,-153.0,-527.0,1521.0,2294.0,1.2105,-1863.0,Down
-1863.0,694.0,-153.0,-527.0,1521.0,1.4522,-787.0,Down
-787.0,-1863.0,694.0,-153.0,-527.0,1.2629,456.0,Up
456.0,-787.0,-1863.0,694.0,-153.0,1.2949,1.53,Up
1.53,456.0,-787.0,-1863.0,694.0,1.1057,-0.47,Down
-0.47,1.53,456.0,-787.0,-1863.0,1.3173,39.0,Up
39.0,-0.47,1.53,456.0,-787.0,1.3362,1372.0,Up
1372.0,39.0,-0.47,1.53,456.0,1.3644,411.0,Up
411.0,1372.0,39.0,-0.47,1.53,1.2445,-2382.0,Down
-2382.0,411.0,1372.0,39.0,-0.47,1.1061,-1717.0,Down
-1717.0,-2382.0,411.0,1372.0,39.0,1.2974,-1.0,Down
-1.0,-1717.0,-2382.0,411.0,1372.0,1.3525,2295.0,Up
2295.0,-1.0,-1717.0,-2382.0,411.0,1.3174,286.0,Up
286.0,2295.0,-1.0,-1717.0,-2382.0,1.1219,1439.0,Up
1439.0,286.0,2295.0,-1.0,-1717.0,1.2677,1453.0,Up
1453.0,1439.0,286.0,2295.0,-1.0,1356.0,-273.0,Down
-273.0,1453.0,1439.0,286.0,2295.0,1.4113,246.0,Up
246.0,-273.0,1453.0,1439.0,286.0,1.5175,158.0,Up
158.0,246.0,-273.0,1453.0,1439.0,1.0938,-177.0,Down
-177.0,158.0,246.0,-273.0,1453.0,0.9916,1856.0,Up
1856.0,-177.0,158.0,246.0,-273.0,1.3701,186.0,Up
186.0,1856.0,-177.0,158.0,246.0,1.4434,0.09,Up
0.09,186.0,1856.0,-177.0,158.0,1.4545,-314.0,Down
-314.0,0.09,186.0,1856.0,-177.0,1.3374,1.09,Up
1.09,-314.0,0.09,186.0,1856.0,1.3168,-0.73,Down
-0.73,1.09,-314.0,0.09,186.0,1.3302,-493.0,Down
-493.0,-0.73,1.09,-314.0,0.09,1.0293,1171.0,Up
1171.0,-493.0,-0.73,1.09,-314.0,0.4103,615.0,Up
615.0,1171.0,-493.0,-0.73,1.09,1.1298,-684.0,Down
-684.0,615.0,1171.0,-493.0,-0.73,1288.0,-1825.0,Down
-1825.0,-684.0,615.0,1171.0,-493.0,1.4237,1035.0,Up
1035.0,-1825.0,-684.0,615.0,1171.0,1.3757,-66.0,Down
-66.0,1035.0,-1825.0,-684.0,615.0,1.3436,-838.0,Down
-838.0,-66.0,1035.0,-1825.0,-684.0,1.2029,1319.0,Up
1319.0,-838.0,-66.0,1035.0,-1825.0,1.3185,2232.0,Up
2232.0,1319.0,-838.0,-66.0,1035.0,1.7653,-278.0,Down
-278.0,2232.0,1319.0,-838.0,-66.0,1.4879,-753.0,Down
-753.0,-278.0,2232.0,1319.0,-838.0,1.2482,-1587.0,Down
-1587.0,-753.0,-278.0,2232.0,1319.0,1.2187,-278.0,Down
-278.0,-1587.0,-753.0,-278.0,2232.0,1.3672,27.0,Up
27.0,-278.0,-1587.0,-753.0,-278.0,1.4497,-1556.0,Down
-1556.0,27.0,-278.0,-1587.0,-753.0,1.5115,331.0,Up
331.0,-1556.0,27.0,-278.0,-1587.0,1.3068,1003.0,Up
1003.0,331.0,-1556.0,27.0,-278.0,1.2604,755.0,Up
755.0,1003.0,331.0,-1556.0,27.0,1354.0,581.0,Up
581.0,755.0,1003.0,331.0,-1556.0,1.4849,-838.0,Down
-838.0,581.0,755.0,1003.0,331.0,1.4905,435.0,Up
435.0,-838.0,581.0,755.0,1003.0,1694.0,-21.0,Down
-21.0,435.0,-838.0,581.0,755.0,0.43967,412.0,Up
412.0,-21.0,435.0,-838.0,581.0,0.7911,675.0,Up
675.0,412.0,-21.0,435.0,-838.0,0.8763,336.0,Up
336.0,675.0,412.0,-21.0,435.0,0.9174,-1115.0,Down
-1115.0,336.0,675.0,412.0,-21.0,0.9436,574.0,Up
574.0,-1115.0,336.0,675.0,412.0,1171.0,918.0,Up
918.0,574.0,-1115.0,336.0,675.0,1.3989,621.0,Up
621.0,918.0,574.0,-1115.0,336.0,1513.0,-0.65,Down
-0.65,621.0,918.0,574.0,-1115.0,1.3083,-359.0,Down
-359.0,-0.65,621.0,918.0,574.0,1.2588,-0.48,Down
-0.48,-359.0,-0.65,621.0,918.0,1452.0,122.0,Up
122.0,-0.48,-359.0,-0.65,621.0,1299.0,-947.0,Down
-947.0,122.0,-0.48,-359.0,-0.65,1.2119,-628.0,Down
-628.0,-947.0,122.0,-0.48,-359.0,1.2864,683.0,Up
683.0,-628.0,-947.0,122.0,-0.48,1.3869,-1625.0,Down
-1625.0,683.0,-628.0,-947.0,122.0,1.4825,1003.0,Up
1003.0,-1625.0,683.0,-628.0,-947.0,1.3801,-992.0,Down
-992.0,1003.0,-1625.0,683.0,-628.0,1.3333,-733.0,Down
-733.0,-992.0,1003.0,-1625.0,683.0,1.3116,792.0,Up
792.0,-733.0,-992.0,1003.0,-1625.0,1.4792,352.0,Up
352.0,792.0,-733.0,-992.0,1003.0,1.5528,0.1,Up
0.1,352.0,792.0,-733.0,-992.0,1.3451,-19.0,Down
-19.0,0.1,352.0,792.0,-733.0,1.1868,-2861.0,Down
-2861.0,-19.0,0.1,352.0,792.0,1812.0,1175.0,Up
1175.0,-2861.0,-19.0,0.1,352.0,2.0196,1493.0,Up
1493.0,1175.0,-2861.0,-19.0,0.1,1557.0,-708.0,Down
-708.0,1493.0,1175.0,-2861.0,-19.0,1.3672,-2474.0,Down
-2474.0,-708.0,1493.0,1175.0,-2861.0,1.4376,-404.0,Down
-404.0,-2474.0,-708.0,1493.0,1175.0,1.7783,-597.0,Down
-597.0,-404.0,-2474.0,-708.0,1493.0,1.6658,-308.0,Down
-308.0,-597.0,-404.0,-2474.0,-708.0,1.4416,1486.0,Up
1486.0,-308.0,-597.0,-404.0,-2474.0,1.3719,1434.0,Up
1434.0,1486.0,-308.0,-597.0,-404.0,1.1594,-399.0,Down
-399.0,1434.0,1486.0,-308.0,-597.0,1.0942,994.0,Up
994.0,-399.0,1434.0,1486.0,-308.0,1.2159,-181.0,Down
-181.0,994.0,-399.0,1434.0,1486.0,1.2725,-1102.0,Down
-1102.0,-181.0,994.0,-399.0,1434.0,1.3592,-1887.0,Down
-1887.0,-1102.0,-181.0,994.0,-399.0,1.1899,1351.0,Up
1351.0,-1887.0,-1102.0,-181.0,994.0,1.4389,-1551.0,Down
-1551.0,1351.0,-1887.0,-1102.0,-181.0,1.3816,822.0,Up
822.0,-1551.0,1351.0,-1887.0,-1102.0,1411.0,1798.0,Up
1798.0,822.0,-1551.0,1351.0,-1887.0,1.3674,-5.0,Down
-5.0,1798.0,822.0,-1551.0,1351.0,1.3092,46.0,Up
46.0,-5.0,1798.0,822.0,-1551.0,1.3938,-285.0,Down
-285.0,46.0,-5.0,1798.0,822.0,1.3922,2263.0,Up
2263.0,-285.0,46.0,-5.0,1798.0,1.4565,1949.0,Up
1949.0,2263.0,-285.0,46.0,-5.0,1.5943,-667.0,Down
-667.0,1949.0,2263.0,-285.0,46.0,1.5493,1451.0,Up
1451.0,-667.0,1949.0,2263.0,-285.0,1.5413,-0.45,Down
-0.45,1451.0,-667.0,1949.0,2263.0,1.5174,585.0,Up
585.0,-0.45,1451.0,-667.0,1949.0,1412.0,339.0,Up
339.0,585.0,-0.45,1451.0,-667.0,1.2102,-229.0,Down
-229.0,339.0,585.0,-0.45,1451.0,1.3044,-986.0,Down
-986.0,-229.0,339.0,585.0,-0.45,1354.0,-91.0,Down
-91.0,-986.0,-229.0,339.0,585.0,1.2088,1138.0,Up
1138.0,-91.0,-986.0,-229.0,339.0,1.4939,-52.0,Down
-52.0,1138.0,-91.0,-986.0,-229.0,1.1695,407.0,Up
407.0,-52.0,1138.0,-91.0,-986.0,1255.0,-1576.0,Down
-1576.0,407.0,-52.0,1138.0,-91.0,1.3049,151.0,Up
151.0,-1576.0,407.0,-52.0,1138.0,1.3392,-424.0,Down
-424.0,151.0,-1576.0,407.0,-52.0,1.2433,-1465.0,Down
-1465.0,-424.0,151.0,-1576.0,407.0,1.0579,585.0,Up
585.0,-1465.0,-424.0,151.0,-1576.0,1.2236,535.0,Up
535.0,585.0,-1465.0,-424.0,151.0,1.1801,246.0,Up
246.0,535.0,585.0,-1465.0,-424.0,1.1476,-74.0,Down
-74.0,246.0,535.0,585.0,-1465.0,1.0509,-853.0,Down
-853.0,-74.0,246.0,535.0,585.0,1.1767,-999.0,Down
-999.0,-853.0,-74.0,246.0,535.0,1.2197,84.0,Up
84.0,-999.0,-853.0,-74.0,246.0,1.2838,-321.0,Down
-321.0,84.0,-999.0,-853.0,-74.0,1.1102,228.0,Up
228.0,-321.0,84.0,-999.0,-853.0,1.0953,-666.0,Down
-666.0,228.0,-321.0,84.0,-999.0,1.2354,1133.0,Up
1133.0,-666.0,228.0,-321.0,84.0,1.4479,-2369.0,Down
-2369.0,1133.0,-666.0,228.0,-321.0,1.5056,663.0,Up
663.0,-2369.0,1133.0,-666.0,228.0,1.2821,-761.0,Down
-761.0,663.0,-2369.0,1133.0,-666.0,1.1204,2342.0,Up
2342.0,-761.0,663.0,-2369.0,1133.0,1.3413,-204.0,Down
-204.0,2342.0,-761.0,663.0,-2369.0,1.3769,-142.0,Down
-142.0,-204.0,2342.0,-761.0,663.0,1.3593,62.0,Up
62.0,-142.0,-204.0,2342.0,-761.0,1185.0,-1541.0,Down
-1541.0,62.0,-142.0,-204.0,2342.0,1.1818,-0.62,Down
-0.62,-1541.0,62.0,-142.0,-204.0,1.3885,-0.71,Down
-0.71,-0.62,-1541.0,62.0,-142.0,1.3732,-152.0,Down
-152.0,-0.71,-0.62,-1541.0,62.0,1.5174,-1389.0,Down
-1389.0,-152.0,-0.71,-0.62,-1541.0,1.3742,-1.01,Down
-1.01,-1389.0,-152.0,-0.71,-0.62,1.3147,1077.0,Up
1077.0,-1.01,-1389.0,-152.0,-0.71,1.6286,886.0,Up
886.0,1077.0,-1.01,-1389.0,-152.0,1.4514,-175.0,Down
-175.0,886.0,1077.0,-1.01,-1389.0,1364.0,-1026.0,Down
-1026.0,-175.0,886.0,1077.0,-1.01,1.2845,-1934.0,Down
-1934.0,-1026.0,-175.0,886.0,1077.0,1.1226,-302.0,Down
-302.0,-1934.0,-1026.0,-175.0,886.0,1.3547,3.75,Up
3.75,-302.0,-1934.0,-1026.0,-175.0,1502.0,-1455.0,Down
-1455.0,3.75,-302.0,-1934.0,-1026.0,1153.0,-1679.0,Down
-1679.0,-1455.0,3.75,-302.0,-1934.0,1.1719,1855.0,Up
1855.0,-1679.0,-1455.0,3.75,-302.0,1.0886,2114.0,Up
2114.0,1855.0,-1679.0,-1455.0,3.75,1.4145,-566.0,Down
-566.0,2114.0,1855.0,-1679.0,-1455.0,1.4202,656.0,Up
656.0,-566.0,2114.0,1855.0,-1679.0,1.2566,761.0,Up
761.0,656.0,-566.0,2114.0,1855.0,1.2744,-1329.0,Down
-1329.0,761.0,656.0,-566.0,2114.0,0.9898,-1099.0,Down
-1099.0,-1329.0,761.0,656.0,-566.0,1.2005,569.0,Up
569.0,-1099.0,-1329.0,761.0,656.0,1.1363,1018.0,Up
1018.0,569.0,-1099.0,-1329.0,761.0,1.1929,-1209.0,Down
-1209.0,1018.0,569.0,-1099.0,-1329.0,0.8854,-855.0,Down
-855.0,-1209.0,1018.0,569.0,-1099.0,0.9965,-641.0,Down
-641.0,-855.0,-1209.0,1018.0,569.0,1.0818,-281.0,Down
-281.0,-641.0,-855.0,-1209.0,1018.0,1.2866,233.0,Up
233.0,-281.0,-641.0,-855.0,-1209.0,1.2773,-2.48,Down
-2.48,233.0,-281.0,-641.0,-855.0,1.3243,1.0,Up
1.0,-2.48,233.0,-281.0,-641.0,1.4666,885.0,Up
885.0,1.0,-2.48,233.0,-281.0,1.3001,-1976.0,Down
-1976.0,885.0,1.0,-2.48,233.0,1.6015,-157.0,Down
-157.0,-1976.0,885.0,1.0,-2.48,1.3413,312.0,Up
312.0,-157.0,-1976.0,885.0,1.0,1.2262,-1663.0,Down
-1663.0,312.0,-157.0,-1976.0,885.0,1.2124,657.0,Up
657.0,-1663.0,312.0,-157.0,-1976.0,1.79572,-1049.0,Down
-1049.0,657.0,-1663.0,312.0,-157.0,1.4055,-227.0,Down
-227.0,-1049.0,657.0,-1663.0,312.0,1549.0,2869.0,Up
2869.0,-227.0,-1049.0,657.0,-1663.0,1.2366,94.0,Up
94.0,2869.0,-227.0,-1049.0,657.0,1.1931,-1654.0,Down
-1654.0,94.0,2869.0,-227.0,-1049.0,1.3361,-1343.0,Down
-1343.0,-1654.0,94.0,2869.0,-227.0,1.3897,-1704.0,Down
-1704.0,-1343.0,-1654.0,94.0,2869.0,1.4972,362.0,Up
362.0,-1704.0,-1343.0,-1654.0,94.0,1.5526,-1.67,Down
-1.67,362.0,-1704.0,-1343.0,-1654.0,1.5137,-267.0,Down
-267.0,-1.67,362.0,-1704.0,-1343.0,2.01429,1758.0,Up
1758.0,-267.0,-1.67,362.0,-1704.0,1.9086,-83.0,Down
-83.0,1758.0,-267.0,-1.67,362.0,2117.0,-2139.0,Down
-2139.0,-83.0,1758.0,-267.0,-1.67,1.4255,-2123.0,Down
-2123.0,-2139.0,-83.0,1758.0,-267.0,1823.0,622.0,Up
622.0,-2123.0,-2139.0,-83.0,1758.0,1.5278,3673.0,Up
3673.0,622.0,-2123.0,-2139.0,-83.0,0.6994,-1218.0,Down
-1218.0,3673.0,622.0,-2123.0,-2139.0,1.1844,-2472.0,Down
-2472.0,-1218.0,3673.0,622.0,-2123.0,1.3489,-3396.0,Down
-3396.0,-2472.0,-1218.0,3673.0,622.0,1.8169,0.75,Up
0.75,-3396.0,-2472.0,-1218.0,3673.0,2.08048,-645.0,Down
-645.0,0.75,-3396.0,-2472.0,-1218.0,1.6074,-376.0,Down
-376.0,-645.0,0.75,-3396.0,-2472.0,2.5748,-1851.0,Down
-1851.0,-376.0,-645.0,0.75,-3396.0,1.8437,566.0,Up
566.0,-1851.0,-376.0,-645.0,0.75,2.5665,-2702.0,Down
-2702.0,566.0,-1851.0,-376.0,-645.0,1.7363,-3835.0,Down
-3835.0,-2702.0,566.0,-1851.0,-376.0,2.6541,-3291.0,Down
-3291.0,-3835.0,-2702.0,566.0,-1851.0,2.24806,-2702.0,Down
-2702.0,-3291.0,-3835.0,-2702.0,566.0,2.44102,5733.0,Up
5733.0,-2702.0,-3291.0,-3835.0,-2702.0,2.77556,-563.0,Down
-563.0,5733.0,-2702.0,-3291.0,-3835.0,2.4247,1688.0,Up
1688.0,-563.0,5733.0,-2702.0,-3291.0,1.7961,5408.0,Up
5408.0,1688.0,-563.0,5733.0,-2702.0,1.77865,425.0,Up
425.0,5408.0,1688.0,-563.0,5733.0,1.82609,979.0,Up
979.0,425.0,5408.0,1688.0,-563.0,2.04936,-2957.0,Down
-2957.0,979.0,425.0,5408.0,1688.0,1.6722,-2308.0,Down
-2308.0,-2957.0,979.0,425.0,5408.0,1.5381,-3.43,Down
-3.43,-2308.0,-2957.0,979.0,425.0,1.4255,2992.0,Up
2992.0,-3.43,-2308.0,-2957.0,979.0,1.5141,2001.0,Up
2001.0,2992.0,-3.43,-2308.0,-2957.0,1.4904,3272.0,Up
3272.0,2001.0,2992.0,-3.43,-2308.0,1.6467,351.0,Up
351.0,3272.0,2001.0,2992.0,-3.43,1.2949,-533.0,Down
-533.0,351.0,3272.0,2001.0,2992.0,1.0365,-2168.0,Down
-2168.0,-533.0,351.0,3272.0,2001.0,1.2977,4005.0,Up
4005.0,-2168.0,-533.0,351.0,3272.0,1.5338,1156.0,Up
1156.0,4005.0,-2168.0,-533.0,351.0,1.5051,-159.0,Down
-159.0,1156.0,4005.0,-2168.0,-533.0,1.2653,2361.0,Up
2361.0,-159.0,1156.0,4005.0,-2168.0,1.2998,-1396.0,Down
-1396.0,2361.0,-159.0,1156.0,4005.0,1.3085,1273.0,Up
1273.0,-1396.0,2361.0,-159.0,1156.0,1.3531,1405.0,Up
1405.0,1273.0,-1396.0,2361.0,-159.0,1373.0,-2269.0,Down
-2269.0,1405.0,1273.0,-1396.0,2361.0,1.0715,754.0,Up
754.0,-2269.0,1405.0,1273.0,-1396.0,1.0169,-1385.0,Down
-1385.0,754.0,-2269.0,1405.0,1273.0,1.3077,-1813.0,Down
-1813.0,-1385.0,754.0,-2269.0,1405.0,1.1466,-8.0,Down
-8.0,-1813.0,-1385.0,754.0,-2269.0,1.2711,-188.0,Down
-188.0,-8.0,-1813.0,-1385.0,754.0,0.9299,-4154.0,Down
-4154.0,-188.0,-8.0,-1813.0,-1385.0,1.2898,1752.0,Up
1752.0,-4154.0,-188.0,-8.0,-1813.0,1.3721,-1595.0,Down
-1595.0,1752.0,-4154.0,-188.0,-8.0,1.4013,1.68,Up
1.68,-1595.0,1752.0,-4154.0,-188.0,1.1845,1011.0,Up
1011.0,1.68,-1595.0,1752.0,-4154.0,1.1306,733.0,Up
733.0,1011.0,1.68,-1595.0,1752.0,1.1864,-14.0,Down
-14.0,733.0,1011.0,1.68,-1595.0,0.8466,-2478.0,Down
-2478.0,-14.0,733.0,1011.0,1.68,1.1916,327.0,Up
327.0,-2478.0,-14.0,733.0,1011.0,1271.0,145.0,Up
145.0,327.0,-2478.0,-14.0,733.0,1.0014,-1973.0,Down
-1973.0,145.0,327.0,-2478.0,-14.0,1.4486,-465.0,Down
-465.0,-1973.0,145.0,327.0,-2478.0,1501.0,-3006.0,Down
-3006.0,-465.0,-1973.0,145.0,327.0,1524.0,245.0,Up
245.0,-3006.0,-465.0,-1973.0,145.0,1.7928,-1383.0,Down
-1383.0,245.0,-3006.0,-465.0,-1973.0,1.3811,-1728.0,Down
-1728.0,-1383.0,245.0,-3006.0,-465.0,1.67024,2486.0,Up
2486.0,-1728.0,-1383.0,245.0,-3006.0,1.6515,1821.0,Up
1821.0,2486.0,-1728.0,-1383.0,245.0,1.65,-3226.0,Down
-3226.0,1821.0,2486.0,-1728.0,-1383.0,1.5073,-1461.0,Down
-1461.0,-3226.0,1821.0,2486.0,-1728.0,1.72187,4002.0,Up
4002.0,-1461.0,-3226.0,1821.0,2486.0,1.7809,-2359.0,Down
-2359.0,4002.0,-1461.0,-3226.0,1821.0,1.6689,-1082.0,Down
-1082.0,-2359.0,4002.0,-1461.0,-3226.0,1.6745,-2243.0,Down
-2243.0,-1082.0,-2359.0,4002.0,-1461.0,1.83593,-1911.0,Down
-1911.0,-2243.0,-1082.0,-2359.0,4002.0,1.5765,1.69,Up
1.69,-1911.0,-2243.0,-1082.0,-2359.0,1.93843,-2729.0,Down
-2729.0,1.69,-1911.0,-2243.0,-1082.0,1.88503,3497.0,Up
3497.0,-2729.0,1.69,-1911.0,-2243.0,2.09023,3906.0,Up
3906.0,3497.0,-2729.0,1.69,-1911.0,1.85413,733.0,Up
733.0,3906.0,3497.0,-2729.0,1.69,1.2003,4734.0,Up
4734.0,733.0,3906.0,3497.0,-2729.0,1956.0,-2411.0,Down
-2411.0,4734.0,733.0,3906.0,3497.0,1585.0,2.23,Up
2.23,-2411.0,4734.0,733.0,3906.0,1.78039,0.59,Up
0.59,2.23,-2411.0,4734.0,733.0,1.4231,1733.0,Up
1733.0,0.59,2.23,-2411.0,4734.0,1447.0,-1063.0,Down
-1063.0,1733.0,0.59,2.23,-2411.0,1.5492,672.0,Up
672.0,-1063.0,1733.0,0.59,2.23,1.5939,-1522.0,Down
-1522.0,672.0,-1063.0,1733.0,0.59,1.70057,1717.0,Up
1717.0,-1522.0,672.0,-1063.0,1733.0,1.3404,-827.0,Down
-827.0,1717.0,-1522.0,672.0,-1063.0,1.3826,-908.0,Down
-908.0,-827.0,1717.0,-1522.0,672.0,1.5297,0.97,Up
0.97,-908.0,-827.0,1717.0,-1522.0,1.4223,-556.0,Down
-556.0,0.97,-908.0,-827.0,1717.0,1.6413,1716.0,Up
1716.0,-556.0,0.97,-908.0,-827.0,1.4504,0.82,Up
0.82,1716.0,-556.0,0.97,-908.0,1.6459,775.0,Up
775.0,0.82,1716.0,-556.0,0.97,1.3541,914.0,Up
914.0,775.0,0.82,1716.0,-556.0,1674.0,-2285.0,Down
-2285.0,914.0,775.0,0.82,1716.0,1.4669,-876.0,Down
-876.0,-2285.0,914.0,775.0,0.82,1.4465,-2073.0,Down
-2073.0,-876.0,-2285.0,914.0,775.0,1113.0,772.0,Up
772.0,-2073.0,-876.0,-2285.0,914.0,1.3771,-48.0,Down
-48.0,772.0,-2073.0,-876.0,-2285.0,1.4634,2463.0,Up
2463.0,-48.0,772.0,-2073.0,-876.0,1519.0,615.0,Up
615.0,2463.0,-48.0,772.0,-2073.0,1.4001,-1041.0,Down
-1041.0,615.0,2463.0,-48.0,772.0,1.2826,-402.0,Down
-402.0,-1041.0,615.0,2463.0,-48.0,1.3374,1941.0,Up
1941.0,-402.0,-1041.0,615.0,2463.0,1.5173,2145.0,Up
2145.0,1941.0,-402.0,-1041.0,615.0,2.4151,-344.0,Down
-344.0,2145.0,1941.0,-402.0,-1041.0,1.6268,249.0,Up
249.0,-344.0,2145.0,1941.0,-402.0,1574.0,-2097.0,Down
-2097.0,249.0,-344.0,2145.0,1941.0,1.5436,2799.0,Up
2799.0,-2097.0,249.0,-344.0,2145.0,1.3503,-273.0,Down
-273.0,2799.0,-2097.0,249.0,-344.0,0.64346,-0.19,Down
-0.19,-273.0,2799.0,-2097.0,249.0,1612.0,-1475.0,Down
-1475.0,-0.19,-273.0,2799.0,-2097.0,1.4884,-344.0,Down
-344.0,-1475.0,-0.19,-273.0,2799.0,1.5889,-1202.0,Down
-1202.0,-344.0,-1475.0,-0.19,-273.0,1.2502,627.0,Up
627.0,-1202.0,-344.0,-1475.0,-0.19,1.2411,-2218.0,Down
-2218.0,627.0,-1202.0,-344.0,-1475.0,1.3208,1396.0,Up
1396.0,-2218.0,627.0,-1202.0,-344.0,1.2866,56.0,Up
56.0,1396.0,-2218.0,627.0,-1202.0,1.2851,-373.0,Down
-373.0,56.0,1396.0,-2218.0,627.0,1.2553,-1342.0,Down
-1342.0,-373.0,56.0,1396.0,-2218.0,1.3308,2352.0,Up
2352.0,-1342.0,-373.0,56.0,1396.0,1.2716,-814.0,Down
-814.0,2352.0,-1342.0,-373.0,56.0,1.2518,-1315.0,Down
-1315.0,-814.0,2352.0,-1342.0,-373.0,1.4462,-771.0,Down
-771.0,-1315.0,-814.0,2352.0,-1342.0,1.3859,1302.0,Up
1302.0,-771.0,-1315.0,-814.0,2352.0,1.78273,181.0,Up
181.0,1302.0,-771.0,-1315.0,-814.0,1.1121,-547.0,Down
-547.0,181.0,1302.0,-771.0,-1315.0,0.45831,-315.0,Down
-315.0,-547.0,181.0,1302.0,-771.0,0.7211,-1603.0,Down
-1603.0,-315.0,-547.0,181.0,1302.0,0.7584,456.0,Up
456.0,-1603.0,-315.0,-547.0,181.0,1.0578,49.0,Up
49.0,456.0,-1603.0,-315.0,-547.0,1.0885,3.32,Up
3.32,49.0,456.0,-1603.0,-315.0,1.2292,-48.0,Down
-48.0,3.32,49.0,456.0,-1603.0,1.1308,2247.0,Up
2247.0,-48.0,3.32,49.0,456.0,1.4359,-654.0,Down
-654.0,2247.0,-48.0,3.32,49.0,1.5452,-1409.0,Down
-1409.0,-654.0,2247.0,-48.0,3.32,1.4676,1939.0,Up
1939.0,-1409.0,-654.0,2247.0,-48.0,1.5603,0.0,Up
0.0,1939.0,-1409.0,-654.0,2247.0,1.4854,-141.0,Down
-141.0,0.0,1939.0,-1409.0,-654.0,1.3963,583.0,Up
583.0,-141.0,0.0,1939.0,-1409.0,1.3794,-1443.0,Down
-1443.0,583.0,-141.0,0.0,1939.0,1.4321,-394.0,Down
-394.0,-1443.0,583.0,-141.0,0.0,1.5346,-1402.0,Down
-1402.0,-394.0,-1443.0,583.0,-141.0,1.3582,-1.57,Down
-1.57,-1402.0,-394.0,-1443.0,583.0,1.3352,-1043.0,Down
-1043.0,-1.57,-1402.0,-394.0,-1443.0,1.5608,1022.0,Up
1022.0,-1043.0,-1.57,-1402.0,-394.0,1.74455,-2923.0,Down
-2923.0,1022.0,-1043.0,-1.57,-1402.0,1.5748,-1616.0,Down
-1616.0,-2923.0,1022.0,-1043.0,-1.57,1.4359,1305.0,Up
1305.0,-1616.0,-2923.0,1022.0,-1043.0,1.4591,678.0,Up
678.0,1305.0,-1616.0,-2923.0,1022.0,1.5954,-2285.0,Down
-2285.0,678.0,1305.0,-1616.0,-2923.0,1.5103,1313.0,Up
1313.0,-2285.0,678.0,1305.0,-1616.0,1.57853,0.54,Up
0.54,1313.0,-2285.0,678.0,1305.0,1.2585,-1409.0,Down
-1409.0,0.54,1313.0,-2285.0,678.0,1.4516,-544.0,Down
-544.0,-1409.0,0.54,1313.0,-2285.0,1.4508,-645.0,Down
-645.0,-544.0,-1409.0,0.54,1313.0,1.4309,-1009.0,Down
-1009.0,-645.0,-544.0,-1409.0,0.54,1.2768,757.0,Up
757.0,-1009.0,-645.0,-544.0,-1409.0,1.2382,-0.81,Down
-0.81,757.0,-1009.0,-645.0,-544.0,1307.0,-1269.0,Down
-1269.0,-0.81,757.0,-1009.0,-645.0,1.2605,-0.16,Down
-0.16,-1269.0,-0.81,757.0,-1009.0,1.4893,2143.0,Up
2143.0,-0.16,-1269.0,-0.81,757.0,1.4046,1.95,Up
1.95,2143.0,-0.16,-1269.0,-0.81,1.2508,-0.71,Down
-0.71,1.95,2143.0,-0.16,-1269.0,1.0756,-0.95,Down
-0.95,-0.71,1.95,2143.0,-0.16,1.1941,1322.0,Up
1322.0,-0.95,-0.71,1.95,2143.0,1.3982,-1838.0,Down
-1838.0,1322.0,-0.95,-0.71,1.95,1.2292,719.0,Up
719.0,-1838.0,1322.0,-0.95,-0.71,1.4837,-1314.0,Down
-1314.0,719.0,-1838.0,1322.0,-0.95,1.3744,1176.0,Up
1176.0,-1314.0,719.0,-1838.0,1322.0,1.2878,462.0,Up
462.0,1176.0,-1314.0,719.0,-1838.0,1.3733,-754.0,Down
-754.0,462.0,1176.0,-1314.0,719.0,1.2089,-1536.0,Down
-1536.0,-754.0,462.0,1176.0,-1314.0,1.2566,956.0,Up
956.0,-1536.0,-754.0,462.0,1176.0,1.3327,-934.0,Down
-934.0,956.0,-1536.0,-754.0,462.0,1.2992,826.0,Up
826.0,-934.0,956.0,-1536.0,-754.0,1.3685,-2583.0,Down
-2583.0,826.0,-934.0,956.0,-1536.0,1255.0,-836.0,Down
-836.0,-2583.0,826.0,-934.0,956.0,1.4277,432.0,Up
432.0,-836.0,-2583.0,826.0,-934.0,1.62,3446.0,Up
3446.0,432.0,-836.0,-2583.0,826.0,1.8163,165.0,Up
165.0,3446.0,432.0,-836.0,-2583.0,1.5419,3543.0,Up
3543.0,165.0,3446.0,432.0,-836.0,1.70042,424.0,Up
424.0,3543.0,165.0,3446.0,432.0,1.5551,874.0,Up
874.0,424.0,3543.0,165.0,3446.0,1.4734,189.0,Up
189.0,874.0,424.0,3543.0,165.0,1.4391,2298.0,Up
2298.0,189.0,874.0,424.0,3543.0,1.88371,-3523.0,Down
-3523.0,2298.0,189.0,874.0,424.0,1293.0,1216.0,Up
1216.0,-3523.0,2298.0,189.0,874.0,1.3334,-548.0,Down
-548.0,1216.0,-3523.0,2298.0,189.0,1.3197,-164.0,Down
-164.0,-548.0,1216.0,-3523.0,2298.0,1.2329,-578.0,Down
-578.0,-164.0,-548.0,1216.0,-3523.0,1227.0,-1774.0,Down
-1774.0,-578.0,-164.0,-548.0,1216.0,1.4955,1214.0,Up
1214.0,-1774.0,-578.0,-164.0,-548.0,1.4616,2612.0,Up
2612.0,1214.0,-1774.0,-578.0,-164.0,1.5898,-505.0,Down
-505.0,2612.0,1214.0,-1774.0,-578.0,1.3395,274.0,Up
274.0,-505.0,2612.0,1214.0,-1774.0,1.2412,123.0,Up
123.0,274.0,-505.0,2612.0,1214.0,1494.0,-186.0,Down
-186.0,123.0,274.0,-505.0,2612.0,1.2354,-1.4,Down
-1.4,-186.0,123.0,274.0,-505.0,1.2937,646.0,Up
646.0,-1.4,-186.0,123.0,274.0,1.2753,-376.0,Down
-376.0,646.0,-1.4,-186.0,123.0,1.1416,1.95,Up
1.95,-376.0,646.0,-1.4,-186.0,1131.0,0.63,Up
0.63,1.95,-376.0,646.0,-1.4,1.4602,-1224.0,Down
-1224.0,0.63,1.95,-376.0,646.0,1.5876,1554.0,Up
1554.0,-1224.0,0.63,1.95,-376.0,1.4306,-176.0,Down
-176.0,1554.0,-1224.0,0.63,1.95,1.1187,2.17,Up
2.17,-176.0,1554.0,-1224.0,0.63,1.6312,839.0,Up
839.0,2.17,-176.0,1554.0,-1224.0,1.6672,-826.0,Down
-826.0,839.0,2.17,-176.0,1554.0,1.6481,-1385.0,Down
-1385.0,-826.0,839.0,2.17,-176.0,1.3358,1783.0,Up
1783.0,-1385.0,-826.0,839.0,2.17,1273.0,328.0,Up
328.0,1783.0,-1385.0,-826.0,839.0,1.5256,-0.1,Down
-0.1,328.0,1783.0,-1385.0,-826.0,1.78851,-68.0,Down
-68.0,-0.1,328.0,1783.0,-1385.0,1.3975,1504.0,Up
1504.0,-68.0,-0.1,328.0,1783.0,1.5543,-0.38,Down
-0.38,1504.0,-68.0,-0.1,328.0,1.4463,846.0,Up
846.0,-0.38,1504.0,-68.0,-0.1,1.6496,-0.51,Down
-0.51,846.0,-0.38,1504.0,-68.0,1.5319,-1006.0,Down
-1006.0,-0.51,846.0,-0.38,1504.0,1.3796,1428.0,Up
1428.0,-1006.0,-0.51,846.0,-0.38,1.3261,1253.0,Up
1253.0,1428.0,-1006.0,-0.51,846.0,1.3788,-297.0,Down
-297.0,1253.0,1428.0,-1006.0,-0.51,1.4181,-0.32,Down
-0.32,-297.0,1253.0,1428.0,-1006.0,1.4018,787.0,Up
787.0,-0.32,-297.0,1253.0,1428.0,1.5087,-0.25,Down
-0.25,787.0,-0.32,-297.0,1253.0,1.5055,-2492.0,Down
-2492.0,-0.25,787.0,-0.32,-297.0,1.3757,-113.0,Down
-113.0,-2492.0,-0.25,787.0,-0.32,1.5053,401.0,Up
401.0,-113.0,-2492.0,-0.25,787.0,1.4578,915.0,Up
915.0,401.0,-113.0,-2492.0,-0.25,1.4485,145.0,Up
145.0,915.0,401.0,-113.0,-2492.0,1201.0,1957.0,Up
1957.0,145.0,915.0,401.0,-113.0,1532.0,183.0,Up
183.0,1957.0,145.0,915.0,401.0,1559.0,-376.0,Down
-376.0,183.0,1957.0,145.0,915.0,1.6858,1469.0,Up
1469.0,-376.0,183.0,1957.0,145.0,1.6888,354.0,Up
354.0,1469.0,-376.0,183.0,1957.0,1.6625,472.0,Up
472.0,354.0,1469.0,-376.0,183.0,1.4502,1511.0,Up
1511.0,472.0,354.0,1469.0,-376.0,1.6187,395.0,Up
395.0,1511.0,472.0,354.0,1469.0,1.6931,-0.24,Down
-0.24,395.0,1511.0,472.0,354.0,1.8372,-1198.0,Down
-1198.0,-0.24,395.0,1511.0,472.0,1307.0,913.0,Up
913.0,-1198.0,-0.24,395.0,1511.0,1.2754,1283.0,Up
1283.0,913.0,-1198.0,-0.24,395.0,1.52,103.0,Up
103.0,1283.0,913.0,-1198.0,-0.24,1.5531,-991.0,Down
-991.0,103.0,1283.0,913.0,-1198.0,1.2716,2238.0,Up
2238.0,-991.0,103.0,1283.0,913.0,1.3459,91.0,Up
91.0,2238.0,-991.0,103.0,1283.0,1.4797,-155.0,Down
-155.0,91.0,2238.0,-991.0,103.0,1.4889,-1524.0,Down
-1524.0,-155.0,91.0,2238.0,-991.0,1.5301,0.1,Up
0.1,-1524.0,-155.0,91.0,2238.0,1698.0,-1411.0,Down
-1411.0,0.1,-1524.0,-155.0,91.0,1.3981,184.0,Up
184.0,-1411.0,0.1,-1524.0,-155.0,1.3883,-827.0,Down
-827.0,184.0,-1411.0,0.1,-1524.0,1.4592,1077.0,Up
1077.0,-827.0,184.0,-1411.0,0.1,1.3874,-974.0,Down
-974.0,1077.0,-827.0,184.0,-1411.0,1.2678,-176.0,Down
-176.0,-974.0,1077.0,-827.0,184.0,1.5872,802.0,Up
802.0,-176.0,-974.0,1077.0,-827.0,1.4602,1164.0,Up
1164.0,802.0,-176.0,-974.0,1077.0,1.5193,-0.81,Down
-0.81,1164.0,802.0,-176.0,-974.0,0.7759,1899.0,Up
1899.0,-0.81,1164.0,802.0,-176.0,1.4291,0.34,Up
0.34,1899.0,-0.81,1164.0,802.0,1.5657,-559.0,Down
-559.0,0.34,1899.0,-0.81,1164.0,1618.0,-1348.0,Down
-1348.0,-559.0,0.34,1899.0,-0.81,1.4657,955.0,Up
955.0,-1348.0,-559.0,0.34,1899.0,1.2127,573.0,Up
573.0,955.0,-1348.0,-559.0,0.34,1.4489,-343.0,Down
-343.0,573.0,955.0,-1348.0,-559.0,1.5186,-633.0,Down
-633.0,-343.0,573.0,955.0,-1348.0,1662.0,-1243.0,Down
-1243.0,-633.0,-343.0,573.0,955.0,1.6614,1181.0,Up
1181.0,-1243.0,-633.0,-343.0,573.0,1.3652,-1462.0,Down
-1462.0,1181.0,-1243.0,-633.0,-343.0,1.2542,951.0,Up
951.0,-1462.0,1181.0,-1243.0,-633.0,1.4397,51.0,Up
51.0,951.0,-1462.0,1181.0,-1243.0,1.3627,-709.0,Down
-709.0,51.0,951.0,-1462.0,1181.0,1559.0,1.74,Up
1.74,-709.0,51.0,951.0,-1462.0,1.3975,-216.0,Down
-216.0,1.74,-709.0,51.0,951.0,1.3286,-727.0,Down
-727.0,-216.0,1.74,-709.0,51.0,1.5089,-181.0,Down
-181.0,-727.0,-216.0,1.74,-709.0,1.3919,286.0,Up
286.0,-181.0,-727.0,-216.0,1.74,1608.0,-1026.0,Down
-1026.0,286.0,-181.0,-727.0,-216.0,1.3906,272.0,Up
272.0,-1026.0,286.0,-181.0,-727.0,1.3187,-1766.0,Down
-1766.0,272.0,-1026.0,286.0,-181.0,1.3517,168.0,Up
168.0,-1766.0,272.0,-1026.0,286.0,1491.0,728.0,Up
728.0,168.0,-1766.0,272.0,-1026.0,1.3893,356.0,Up
356.0,728.0,168.0,-1766.0,272.0,1.0866,307.0,Up
307.0,356.0,728.0,168.0,-1766.0,1.0222,995.0,Up
995.0,307.0,356.0,728.0,168.0,1.1323,-638.0,Down
-638.0,995.0,307.0,356.0,728.0,1.2088,659.0,Up
659.0,-638.0,995.0,307.0,356.0,1.1868,16.0,Up
16.0,659.0,-638.0,995.0,307.0,0.63637,916.0,Up
916.0,16.0,659.0,-638.0,995.0,1.1276,261.0,Up
261.0,916.0,16.0,659.0,-638.0,1.3006,-205.0,Down
-205.0,261.0,916.0,16.0,659.0,1.2108,297.0,Up
297.0,-205.0,261.0,916.0,16.0,1.4071,-1018.0,Down
-1018.0,297.0,-205.0,261.0,916.0,1.3089,65.0,Up
65.0,-1018.0,297.0,-205.0,261.0,0.9717,304.0,Up
304.0,65.0,-1018.0,297.0,-205.0,1.1787,6.0,Up
6.0,304.0,65.0,-1018.0,297.0,1.0514,607.0,Up
607.0,6.0,304.0,65.0,-1018.0,1.1652,516.0,Up
516.0,607.0,6.0,304.0,65.0,0.9451,1387.0,Up
1387.0,516.0,607.0,6.0,304.0,1.4705,419.0,Up
419.0,1387.0,516.0,607.0,6.0,1.6756,166.0,Up
166.0,419.0,1387.0,516.0,607.0,1.4539,-0.64,Down
-0.64,166.0,419.0,1387.0,516.0,1.4652,1004.0,Up
1004.0,-0.64,166.0,419.0,1387.0,1.2993,-821.0,Down
-821.0,1004.0,-0.64,166.0,419.0,1.4148,-1197.0,Down
-1197.0,-821.0,1004.0,-0.64,166.0,1.5821,544.0,Up
544.0,-1197.0,-821.0,1004.0,-0.64,1.3359,217.0,Up
217.0,544.0,-1197.0,-821.0,1004.0,1.2367,-375.0,Down
-375.0,217.0,544.0,-1197.0,-821.0,1.1513,1.43,Up
1.43,-375.0,217.0,544.0,-1197.0,1.4032,-325.0,Down
-325.0,1.43,-375.0,217.0,544.0,1.33821,1327.0,Up
1327.0,-325.0,1.43,-375.0,217.0,1.4988,-316.0,Down
-316.0,1327.0,-325.0,1.43,-375.0,1.5186,-1301.0,Down
-1301.0,-316.0,1327.0,-325.0,1.43,1.2788,607.0,Up
607.0,-1301.0,-316.0,1327.0,-325.0,1.3017,-1.91,Down
-1.91,607.0,-1301.0,-316.0,1327.0,1556.0,-605.0,Down
-605.0,-1.91,607.0,-1301.0,-316.0,1.53,-0.64,Down
-0.64,-605.0,-1.91,607.0,-1301.0,1.4725,976.0,Up
976.0,-0.64,-605.0,-1.91,607.0,1.3665,-1054.0,Down
-1054.0,976.0,-0.64,-605.0,-1.91,1.5905,2234.0,Up
2234.0,-1054.0,976.0,-0.64,-605.0,1.5663,198.0,Up
198.0,2234.0,-1054.0,976.0,-0.64,1.2693,942.0,Up
942.0,198.0,2234.0,-1054.0,976.0,1.5705,437.0,Up
437.0,942.0,198.0,2234.0,-1054.0,1.0258,474.0,Up
474.0,437.0,942.0,198.0,2234.0,1.2795,-526.0,Down
-526.0,474.0,437.0,942.0,198.0,1.2625,479.0,Up
479.0,-526.0,474.0,437.0,942.0,1.5787,-65.0,Down
-65.0,479.0,-526.0,474.0,437.0,1.1081,702.0,Up
702.0,-65.0,479.0,-526.0,474.0,1.0405,395.0,Up
395.0,702.0,-65.0,479.0,-526.0,1.2719,-259.0,Down
-259.0,395.0,702.0,-65.0,479.0,1.5211,316.0,Up
316.0,-259.0,395.0,702.0,-65.0,1.4177,-1024.0,Down
-1024.0,316.0,-259.0,395.0,702.0,1352.0,516.0,Up
516.0,-1024.0,316.0,-259.0,395.0,1.1726,129.0,Up
129.0,516.0,-1024.0,316.0,-259.0,1498.0,-1498.0,Down
-1498.0,129.0,516.0,-1024.0,316.0,1.6472,331.0,Up
331.0,-1498.0,129.0,516.0,-1024.0,1.6043,-0.47,Down
-0.47,331.0,-1498.0,129.0,516.0,1.4203,216.0,Up
216.0,-0.47,331.0,-1498.0,129.0,1.3718,1519.0,Up
1519.0,216.0,-0.47,331.0,-1498.0,1.6292,126.0,Up
126.0,1519.0,216.0,-0.47,331.0,1.5626,-112.0,Down
-112.0,126.0,1519.0,216.0,-0.47,1.6297,0.36,Up
0.36,-112.0,126.0,1519.0,216.0,1.4989,791.0,Up
791.0,0.36,-112.0,126.0,1519.0,1.3782,-545.0,Down
-545.0,791.0,0.36,-112.0,126.0,1.4176,-137.0,Down
-137.0,-545.0,791.0,0.36,-112.0,1.4018,593.0,Up
593.0,-137.0,-545.0,791.0,0.36,1.4539,-457.0,Down
-457.0,593.0,-137.0,-545.0,791.0,1.4405,-579.0,Down
-579.0,-457.0,593.0,-137.0,-545.0,1.2436,-52.0,Down
-52.0,-579.0,-457.0,593.0,-137.0,1.1625,1143.0,Up
1143.0,-52.0,-579.0,-457.0,593.0,1.3493,-11.0,Down
-11.0,1143.0,-52.0,-579.0,-457.0,1383.0,-762.0,Down
-762.0,-11.0,1143.0,-52.0,-579.0,1.3561,-0.64,Down
-0.64,-762.0,-11.0,1143.0,-52.0,1.3743,-908.0,Down
-908.0,-0.64,-762.0,-11.0,1143.0,1.3543,802.0,Up
802.0,-908.0,-0.64,-762.0,-11.0,1.3262,-843.0,Down
-843.0,802.0,-908.0,-0.64,-762.0,1.3267,158.0,Up
158.0,-843.0,802.0,-908.0,-0.64,1.2738,1623.0,Up
1623.0,158.0,-843.0,802.0,-908.0,1.3028,172.0,Up
172.0,1623.0,158.0,-843.0,802.0,1.3337,433.0,Up
433.0,172.0,1623.0,158.0,-843.0,1.0977,-24.0,Down
-24.0,433.0,172.0,1623.0,158.0,0.48722,1126.0,Up
1126.0,-24.0,433.0,172.0,1623.0,1375.0,-327.0,Down
-327.0,1126.0,-24.0,433.0,172.0,1.3832,-177.0,Down
-177.0,-327.0,1126.0,-24.0,433.0,1.4417,469.0,Up
469.0,-177.0,-327.0,1126.0,-24.0,1.4631,-768.0,Down
-768.0,469.0,-177.0,-327.0,1126.0,1.2659,735.0,Up
735.0,-768.0,469.0,-177.0,-327.0,1.2189,-853.0,Down
-853.0,735.0,-768.0,469.0,-177.0,1.4655,-107.0,Down
-107.0,-853.0,735.0,-768.0,469.0,1444.0,1148.0,Up
1148.0,-107.0,-853.0,735.0,-768.0,1.4411,274.0,Up
274.0,1148.0,-107.0,-853.0,735.0,1.2231,-568.0,Down
-568.0,274.0,1148.0,-107.0,-853.0,1.5208,664.0,Up
664.0,-568.0,274.0,1148.0,-107.0,1.5479,126.0,Up
126.0,664.0,-568.0,274.0,1148.0,1.4417,1.18,Up
1.18,126.0,664.0,-568.0,274.0,1.5799,-48.0,Down
-48.0,1.18,126.0,664.0,-568.0,1.6573,393.0,Up
393.0,-48.0,1.18,126.0,664.0,1.2517,282.0,Up
282.0,393.0,-48.0,1.18,126.0,1.1453,-181.0,Down
-181.0,282.0,393.0,-48.0,1.18,0.51806,169.0,Up
169.0,-181.0,282.0,393.0,-48.0,0.35607,1.24,Up
1.24,169.0,-181.0,282.0,393.0,1.0588,14.0,Up
14.0,1.24,169.0,-181.0,282.0,1.0126,205.0,Up
205.0,14.0,1.24,169.0,-181.0,1.0275,-309.0,Down
-309.0,205.0,14.0,1.24,169.0,1.1532,1.24,Up
1.24,-309.0,205.0,14.0,1.24,1.5782,129.0,Up
129.0,1.24,-309.0,205.0,14.0,1.4945,237.0,Up
237.0,129.0,1.24,-309.0,205.0,1.7049,496.0,Up
496.0,237.0,129.0,1.24,-309.0,1.8684,-889.0,Down
-889.0,496.0,237.0,129.0,1.24,1.7207,479.0,Up
479.0,-889.0,496.0,237.0,129.0,1.5102,-533.0,Down
-533.0,479.0,-889.0,496.0,237.0,1.5959,829.0,Up
829.0,-533.0,479.0,-889.0,496.0,1.5146,135.0,Up
135.0,829.0,-533.0,479.0,-889.0,1695.0,687.0,Up
687.0,135.0,829.0,-533.0,479.0,1.7211,-93.0,Down
-93.0,687.0,135.0,829.0,-533.0,1.6982,777.0,Up
777.0,-93.0,687.0,135.0,829.0,1.7576,-321.0,Down
-321.0,777.0,-93.0,687.0,135.0,1.6937,-209.0,Down
-209.0,-321.0,777.0,-93.0,687.0,1.5612,1211.0,Up
1211.0,-209.0,-321.0,777.0,-93.0,1.4806,-0.98,Down
-0.98,1211.0,-209.0,-321.0,777.0,1.6731,-1361.0,Down
-1361.0,-0.98,1211.0,-209.0,-321.0,1842.0,499.0,Up
499.0,-1361.0,-0.98,1211.0,-209.0,1.9219,-263.0,Down
-263.0,499.0,-1361.0,-0.98,1211.0,1635.0,365.0,Up
365.0,-263.0,499.0,-1361.0,-0.98,1.5992,68.0,Up
68.0,365.0,-263.0,499.0,-1361.0,1.4769,-837.0,Down
-837.0,68.0,365.0,-263.0,499.0,1.6348,184.0,Up
184.0,-837.0,68.0,365.0,-263.0,1.5666,1256.0,Up
1256.0,184.0,-837.0,68.0,365.0,1.4776,-258.0,Down
-258.0,1256.0,184.0,-837.0,68.0,1.3035,503.0,Up
503.0,-258.0,1256.0,184.0,-837.0,1.4039,1067.0,Up
1067.0,503.0,-258.0,1256.0,184.0,1.6993,-488.0,Down
-488.0,1067.0,503.0,-258.0,1256.0,1.4643,-547.0,Down
-547.0,-488.0,1067.0,503.0,-258.0,1.3292,976.0,Up
976.0,-547.0,-488.0,1067.0,503.0,1.3965,-447.0,Down
-447.0,976.0,-547.0,-488.0,1067.0,1.3824,-413.0,Down
-413.0,-447.0,976.0,-547.0,-488.0,1.5628,-257.0,Down
-257.0,-413.0,-447.0,976.0,-547.0,1.4796,-273.0,Down
-273.0,-257.0,-413.0,-447.0,976.0,1.3804,-167.0,Down
-167.0,-273.0,-257.0,-413.0,-447.0,1.5436,402.0,Up
402.0,-167.0,-273.0,-257.0,-413.0,1.3607,108.0,Up
108.0,402.0,-167.0,-273.0,-257.0,1.3839,3.0,Up
3.0,108.0,402.0,-167.0,-273.0,1.5404,963.0,Up
963.0,3.0,108.0,402.0,-167.0,1.4971,-594.0,Down
-594.0,963.0,3.0,108.0,402.0,1476.0,168.0,Up
168.0,-594.0,963.0,3.0,108.0,1.3345,334.0,Up
334.0,168.0,-594.0,963.0,3.0,1.2658,172.0,Up
172.0,334.0,168.0,-594.0,963.0,1.3982,-835.0,Down
-835.0,172.0,334.0,168.0,-594.0,1.2544,-577.0,Down
-577.0,-835.0,172.0,334.0,168.0,1.4994,-1463.0,Down
-1463.0,-577.0,-835.0,172.0,334.0,1.6484,-1522.0,Down
-1522.0,-1463.0,-577.0,-835.0,172.0,1.8899,1246.0,Up
1246.0,-1522.0,-1463.0,-577.0,-835.0,1.3885,-1435.0,Down
-1435.0,1246.0,-1522.0,-1463.0,-577.0,1.6006,562.0,Up
562.0,-1435.0,1246.0,-1522.0,-1463.0,1.5007,1175.0,Up
1175.0,562.0,-1435.0,1246.0,-1522.0,1.4901,-127.0,Down
-127.0,1175.0,562.0,-1435.0,1246.0,1.3692,-1117.0,Down
-1117.0,-127.0,1175.0,562.0,-1435.0,1.4574,-1296.0,Down
-1296.0,-1117.0,-127.0,1175.0,562.0,1.4523,-132.0,Down
-132.0,-1296.0,-1117.0,-127.0,1175.0,1.4582,-239.0,Down
-239.0,-132.0,-1296.0,-1117.0,-127.0,1.5278,1637.0,Up
1637.0,-239.0,-132.0,-1296.0,-1117.0,1.4717,-102.0,Down
-102.0,1637.0,-239.0,-132.0,-1296.0,1.3191,1.3,Up
1.3,-102.0,1637.0,-239.0,-132.0,1.4055,404.0,Up
404.0,1.3,-102.0,1637.0,-239.0,1.3324,-0.07,Down
-0.07,404.0,1.3,-102.0,1637.0,1.5607,529.0,Up
529.0,-0.07,404.0,1.3,-102.0,1.5607,851.0,Up
851.0,529.0,-0.07,404.0,1.3,1.6292,767.0,Up
767.0,851.0,529.0,-0.07,404.0,1.4137,-209.0,Down
-209.0,767.0,851.0,529.0,-0.07,1.3977,-665.0,Down
-665.0,-209.0,767.0,851.0,529.0,1.4588,-106.0,Down
-106.0,-665.0,-209.0,767.0,851.0,1.1998,516.0,Up
516.0,-106.0,-665.0,-209.0,767.0,1.1024,-1376.0,Down
-1376.0,516.0,-106.0,-665.0,-209.0,1.4232,-112.0,Down
-112.0,-1376.0,516.0,-106.0,-665.0,1.5477,59.0,Up
59.0,-112.0,-1376.0,516.0,-106.0,1.5687,511.0,Up
511.0,59.0,-112.0,-1376.0,516.0,1.4878,107.0,Up
107.0,511.0,59.0,-112.0,-1376.0,1.1949,-1556.0,Down
-1556.0,107.0,511.0,59.0,-112.0,1.5085,531.0,Up
531.0,-1556.0,107.0,511.0,59.0,1.7381,1409.0,Up
1409.0,531.0,-1556.0,107.0,511.0,1.8267,59.0,Up
59.0,1409.0,531.0,-1556.0,107.0,1.3961,-445.0,Down
-445.0,59.0,1409.0,531.0,-1556.0,1.2906,227.0,Up
227.0,-445.0,59.0,1409.0,531.0,1518.0,-1379.0,Down
-1379.0,227.0,-445.0,59.0,1409.0,1.8556,-759.0,Down
-759.0,-1379.0,227.0,-445.0,59.0,1859.0,-592.0,Down
-592.0,-759.0,-1379.0,227.0,-445.0,1.6347,0.92,Up
0.92,-592.0,-759.0,-1379.0,227.0,1.5716,184.0,Up
184.0,0.92,-592.0,-759.0,-1379.0,1.6621,177.0,Up
177.0,184.0,0.92,-592.0,-759.0,1469.0,-672.0,Down
-672.0,177.0,184.0,0.92,-592.0,1.5093,-1373.0,Down
-1373.0,-672.0,177.0,184.0,0.92,1.6536,-1054.0,Down
-1054.0,-1373.0,-672.0,177.0,184.0,1.9184,766.0,Up
766.0,-1054.0,-1373.0,-672.0,177.0,1.5338,167.0,Up
167.0,766.0,-1054.0,-1373.0,-672.0,1.6976,-77.0,Down
-77.0,167.0,766.0,-1054.0,-1373.0,1.4111,-67.0,Down
-67.0,-77.0,167.0,766.0,-1054.0,1.3359,-1059.0,Down
-1059.0,-67.0,-77.0,167.0,766.0,1.4301,682.0,Up
682.0,-1059.0,-67.0,-77.0,167.0,1353.0,-257.0,Down
-257.0,682.0,-1059.0,-67.0,-77.0,1.5486,47.0,Up
47.0,-257.0,682.0,-1059.0,-67.0,1211.0,401.0,Up
401.0,47.0,-257.0,682.0,-1059.0,1.2586,169.0,Up
169.0,401.0,47.0,-257.0,682.0,1.2275,1.61,Up
1.61,169.0,401.0,47.0,-257.0,1.5457,0.17,Up
0.17,1.61,169.0,401.0,47.0,1.3694,569.0,Up
569.0,0.17,1.61,169.0,401.0,1.4475,-54.0,Down
-54.0,569.0,0.17,1.61,169.0,1.1726,46.0,Up
46.0,-54.0,569.0,0.17,1.61,1238.0,338.0,Up
338.0,46.0,-54.0,569.0,0.17,1.2517,-742.0,Down
-742.0,338.0,46.0,-54.0,569.0,1.2324,525.0,Up
525.0,-742.0,338.0,46.0,-54.0,1.1153,1596.0,Up
1596.0,525.0,-742.0,338.0,46.0,1.2118,154.0,Up
154.0,1596.0,525.0,-742.0,338.0,1.1903,-0.95,Down
-0.95,154.0,1596.0,525.0,-742.0,1.2768,454.0,Up
454.0,-0.95,154.0,1596.0,525.0,1.1606,-984.0,Down
-984.0,454.0,-0.95,154.0,1596.0,1.1794,597.0,Up
597.0,-984.0,454.0,-0.95,154.0,1.3459,137.0,Up
137.0,597.0,-984.0,454.0,-0.95,1.1684,-133.0,Down
-133.0,137.0,597.0,-984.0,454.0,1.2967,262.0,Up
262.0,-133.0,137.0,597.0,-984.0,1.5006,-416.0,Down
-416.0,262.0,-133.0,137.0,597.0,1.1239,364.0,Up
364.0,-416.0,262.0,-133.0,137.0,1.3823,851.0,Up
851.0,364.0,-416.0,262.0,-133.0,1.4442,-298.0,Down
-298.0,851.0,364.0,-416.0,262.0,1.3949,-545.0,Down
-545.0,-298.0,851.0,364.0,-416.0,1.8129,-95.0,Down
-95.0,-545.0,-298.0,851.0,364.0,1.3546,251.0,Up
251.0,-95.0,-545.0,-298.0,851.0,1375.0,408.0,Up
408.0,251.0,-95.0,-545.0,-298.0,1.4738,-1043.0,Down
-1043.0,408.0,251.0,-95.0,-545.0,1.4957,-315.0,Down
-315.0,-1043.0,408.0,251.0,-95.0,1085.0,-815.0,Down
-815.0,-315.0,-1043.0,408.0,251.0,1.2833,0.19,Up
0.19,-815.0,-315.0,-1043.0,408.0,1.3286,-824.0,Down
-824.0,0.19,-815.0,-315.0,-1043.0,1.4011,334.0,Up
334.0,-824.0,0.19,-815.0,-315.0,1.1863,138.0,Up
138.0,334.0,-824.0,0.19,-815.0,1.1146,71.0,Up
71.0,138.0,334.0,-824.0,0.19,1.1997,-329.0,Down
-329.0,71.0,138.0,334.0,-824.0,1462.0,-0.43,Down
-0.43,-329.0,71.0,138.0,334.0,1.4087,-479.0,Down
-479.0,-0.43,-329.0,71.0,138.0,1.4503,-44.0,Down
-44.0,-479.0,-0.43,-329.0,71.0,1.3199,706.0,Up
706.0,-44.0,-479.0,-0.43,-329.0,1.4458,-1334.0,Down
-1334.0,706.0,-44.0,-479.0,-0.43,1.6795,271.0,Up
271.0,-1334.0,706.0,-44.0,-479.0,1.6808,-0.97,Down
-0.97,271.0,-1334.0,706.0,-44.0,1.3375,-196.0,Down
-196.0,-0.97,271.0,-1334.0,706.0,1.4134,993.0,Up
993.0,-196.0,-0.97,271.0,-1334.0,1.6108,54.0,Up
54.0,993.0,-196.0,-0.97,271.0,1.5543,457.0,Up
457.0,54.0,993.0,-196.0,-0.97,1.5301,117.0,Up
117.0,457.0,54.0,993.0,-196.0,1.2982,445.0,Up
445.0,117.0,457.0,54.0,993.0,1276.0,-626.0,Down
-626.0,445.0,117.0,457.0,54.0,1.3383,-96.0,Down
-96.0,-626.0,445.0,117.0,457.0,1.3692,-1632.0,Down
-1632.0,-96.0,-626.0,445.0,117.0,1.3974,-1548.0,Down
-1548.0,-1632.0,-96.0,-626.0,445.0,1521.0,117.0,Up
117.0,-1548.0,-1632.0,-96.0,-626.0,1086.0,1297.0,Up
1297.0,117.0,-1548.0,-1632.0,-96.0,1.2456,-301.0,Down
-301.0,1297.0,117.0,-1548.0,-1632.0,1.4104,-1168.0,Down
-1168.0,-301.0,1297.0,117.0,-1548.0,1.4051,148.0,Up
148.0,-1168.0,-301.0,1297.0,117.0,1.1751,1366.0,Up
1366.0,148.0,-1168.0,-301.0,1297.0,1.2062,0.22,Up
0.22,1366.0,148.0,-1168.0,-301.0,1.2678,1244.0,Up
1244.0,0.22,1366.0,148.0,-1168.0,1.2825,-0.36,Down
-0.36,1244.0,0.22,1366.0,148.0,1.2494,652.0,Up
652.0,-0.36,1244.0,0.22,1366.0,1.1999,-243.0,Down
-243.0,652.0,-0.36,1244.0,0.22,1.0219,47.0,Up
47.0,-243.0,652.0,-0.36,1244.0,1.0925,0.8,Up
0.8,47.0,-243.0,652.0,-0.36,1.1922,12.0,Up
12.0,0.8,47.0,-243.0,652.0,1.0236,243.0,Up
243.0,12.0,0.8,47.0,-243.0,0.8454,-778.0,Down
-778.0,243.0,12.0,0.8,47.0,0.8431,463.0,Up
463.0,-778.0,243.0,12.0,0.8,1.1382,151.0,Up
151.0,463.0,-778.0,243.0,12.0,1.1421,1121.0,Up
1121.0,151.0,463.0,-778.0,243.0,1.1184,-418.0,Down
-418.0,1121.0,151.0,463.0,-778.0,0.92417,689.0,Up
689.0,-418.0,1121.0,151.0,463.0,1.2144,-449.0,Down
-449.0,689.0,-418.0,1121.0,151.0,1.2463,189.0,Up
189.0,-449.0,689.0,-418.0,1121.0,1.3713,495.0,Up
495.0,189.0,-449.0,689.0,-418.0,1.2612,169.0,Up
169.0,495.0,189.0,-449.0,689.0,1.2998,223.0,Up
223.0,169.0,495.0,189.0,-449.0,1.2045,-705.0,Down
-705.0,223.0,169.0,495.0,189.0,1256.0,279.0,Up
279.0,-705.0,223.0,169.0,495.0,1.1139,449.0,Up
449.0,279.0,-705.0,223.0,169.0,1.4226,-563.0,Down
-563.0,449.0,279.0,-705.0,223.0,1.1976,633.0,Up
633.0,-563.0,449.0,279.0,-705.0,1325.0,-1394.0,Down
-1394.0,633.0,-563.0,449.0,279.0,1.3799,-467.0,Down
-467.0,-1394.0,633.0,-563.0,449.0,1.2863,158.0,Up
158.0,-467.0,-1394.0,633.0,-563.0,1.2554,-594.0,Down
-594.0,158.0,-467.0,-1394.0,633.0,1.2635,593.0,Up
593.0,-594.0,158.0,-467.0,-1394.0,1.3966,427.0,Up
427.0,593.0,-594.0,158.0,-467.0,1.4029,-0.02,Down
-0.02,427.0,593.0,-594.0,158.0,1748.0,1518.0,Up
1518.0,-0.02,427.0,593.0,-594.0,1.5822,324.0,Up
324.0,1518.0,-0.02,427.0,593.0,1534.0,-61.0,Down
-61.0,324.0,1518.0,-0.02,427.0,1.4184,667.0,Up
667.0,-61.0,324.0,1518.0,-0.02,1.4167,-998.0,Down
-998.0,667.0,-61.0,324.0,1518.0,1.4475,-753.0,Down
-753.0,-998.0,667.0,-61.0,324.0,1.2916,201.0,Up
201.0,-753.0,-998.0,667.0,-61.0,0.9438,-227.0,Down
-227.0,201.0,-753.0,-998.0,667.0,1.3201,-0.73,Down
-0.73,-227.0,201.0,-753.0,-998.0,1.5462,-0.93,Down
-0.93,-0.73,-227.0,201.0,-753.0,1.4895,445.0,Up
445.0,-0.93,-0.73,-227.0,201.0,1.6451,525.0,Up
525.0,445.0,-0.93,-0.73,-227.0,1.3733,-969.0,Down
-969.0,525.0,445.0,-0.93,-0.73,1.7375,39.0,Up
39.0,-969.0,525.0,445.0,-0.93,1.6857,256.0,Up
256.0,39.0,-969.0,525.0,445.0,1673.0,-972.0,Down
-972.0,256.0,39.0,-969.0,525.0,1.4696,-86.0,Down
-86.0,-972.0,256.0,39.0,-969.0,1.3805,1488.0,Up
1488.0,-86.0,-972.0,256.0,39.0,1.6854,1288.0,Up
1288.0,1488.0,-86.0,-972.0,256.0,1.7419,181.0,Up
181.0,1288.0,1488.0,-86.0,-972.0,1.6282,245.0,Up
245.0,181.0,1288.0,1488.0,-86.0,1.5008,27.0,Up
27.0,245.0,181.0,1288.0,1488.0,1.3959,4.0,Up
4.0,27.0,245.0,181.0,1288.0,1659.0,1118.0,Up
1118.0,4.0,27.0,245.0,181.0,1.7675,1616.0,Up
1616.0,1118.0,4.0,27.0,245.0,1.7827,387.0,Up
387.0,1616.0,1118.0,4.0,27.0,1.7244,-0.11,Down
-0.11,387.0,1616.0,1118.0,4.0,1.3587,-0.07,Down
-0.07,-0.11,387.0,1616.0,1118.0,1.4508,-101.0,Down
-101.0,-0.07,-0.11,387.0,1616.0,1.5043,909.0,Up
909.0,-101.0,-0.07,-0.11,387.0,1393.0,911.0,Up
911.0,909.0,-101.0,-0.07,-0.11,1.5316,-0.03,Down
-0.03,911.0,909.0,-101.0,-0.07,1.4533,-708.0,Down
-708.0,-0.03,911.0,909.0,-101.0,1.3644,554.0,Up
554.0,-708.0,-0.03,911.0,909.0,1.6842,136.0,Up
136.0,554.0,-708.0,-0.03,911.0,1.4567,-1116.0,Down
-1116.0,136.0,554.0,-708.0,-0.03,1.5266,0.59,Up
0.59,-1116.0,136.0,554.0,-708.0,1.3927,-25.0,Down
-25.0,0.59,-1116.0,136.0,554.0,1.4283,0.41,Up
0.41,-25.0,0.59,-1116.0,136.0,1.1496,75.0,Up
75.0,0.41,-25.0,0.59,-1116.0,0.50458,-345.0,Down
-345.0,75.0,0.41,-25.0,0.59,1.3785,-403.0,Down
-403.0,-345.0,75.0,0.41,-25.0,1.5535,1495.0,Up
1495.0,-403.0,-345.0,75.0,0.41,1.7728,-87.0,Down
-87.0,1495.0,-403.0,-345.0,75.0,1.7749,71.0,Up
71.0,-87.0,1495.0,-403.0,-345.0,1.5667,-77.0,Down
-77.0,71.0,-87.0,1495.0,-403.0,1.3544,-1107.0,Down
-1107.0,-77.0,71.0,-87.0,1495.0,1.5339,488.0,Up
488.0,-1107.0,-77.0,71.0,-87.0,1.5252,544.0,Up
544.0,488.0,-1107.0,-77.0,71.0,1.6247,-104.0,Down
-104.0,544.0,488.0,-1107.0,-77.0,1.4437,899.0,Up
899.0,-104.0,544.0,488.0,-1107.0,1.4361,392.0,Up
392.0,899.0,-104.0,544.0,488.0,1.5444,194.0,Up
194.0,392.0,899.0,-104.0,544.0,1.6958,-208.0,Down
-208.0,194.0,392.0,899.0,-104.0,1.7939,-749.0,Down
-749.0,-208.0,194.0,392.0,899.0,2335.0,38.0,Up
38.0,-749.0,-208.0,194.0,392.0,1.4228,904.0,Up
904.0,38.0,-749.0,-208.0,194.0,1.4837,342.0,Up
342.0,904.0,38.0,-749.0,-208.0,1.3908,46.0,Up
46.0,342.0,904.0,38.0,-749.0,0.9561,-431.0,Down
-431.0,46.0,342.0,904.0,38.0,922.0,715.0,Up
715.0,-431.0,46.0,342.0,904.0,983.0,-7.0,Down
-7.0,715.0,-431.0,46.0,342.0,0.9259,8.0,Up
8.0,-7.0,715.0,-431.0,46.0,0.8298,-134.0,Down
-134.0,8.0,-7.0,715.0,-431.0,0.7869,-812.0,Down
-812.0,-134.0,8.0,-7.0,715.0,1.5108,-1167.0,Down
-1167.0,-812.0,-134.0,8.0,-7.0,1721.0,-363.0,Down
-363.0,-1167.0,-812.0,-134.0,8.0,1.7389,351.0,Up
351.0,-363.0,-1167.0,-812.0,-134.0,1.5691,-143.0,Down
-143.0,351.0,-363.0,-1167.0,-812.0,1.4779,342.0,Up
342.0,-143.0,351.0,-363.0,-1167.0,1.4904,-0.61,Down
-0.61,342.0,-143.0,351.0,-363.0,1.4888,398.0,Up
398.0,-0.61,342.0,-143.0,351.0,1.5621,-863.0,Down
-863.0,398.0,-0.61,342.0,-143.0,1.5103,0.6,Up
0.6,-863.0,398.0,-0.61,342.0,1.3354,967.0,Up
967.0,0.6,-863.0,398.0,-0.61,1.5968,-949.0,Down
-949.0,967.0,0.6,-863.0,398.0,1.4987,-778.0,Down
-778.0,-949.0,967.0,0.6,-863.0,1692.0,-641.0,Down
-641.0,-778.0,-949.0,967.0,0.6,1.6435,-353.0,Down
-353.0,-641.0,-778.0,-949.0,967.0,1.4946,0.4,Up
0.4,-353.0,-641.0,-778.0,-949.0,1.6104,484.0,Up
484.0,0.4,-353.0,-641.0,-778.0,1.6359,41.0,Up
41.0,484.0,0.4,-353.0,-641.0,1.6006,-272.0,Down
-272.0,41.0,484.0,0.4,-353.0,1.6418,846.0,Up
846.0,-272.0,41.0,484.0,0.4,1.6798,689.0,Up
689.0,846.0,-272.0,41.0,484.0,1.68198,318.0,Up
318.0,689.0,846.0,-272.0,41.0,1.56174,-277.0,Down
-277.0,318.0,689.0,846.0,-272.0,1.55446,1104.0,Up
1104.0,-277.0,318.0,689.0,846.0,1.64816,-109.0,Down
-109.0,1104.0,-277.0,318.0,689.0,1.34727,48.0,Up
48.0,-109.0,1104.0,-277.0,318.0,1.41617,-858.0,Down
-858.0,48.0,-109.0,1104.0,-277.0,1.51104,421.0,Up
421.0,-858.0,48.0,-109.0,1104.0,1.49167,693.0,Up
693.0,421.0,-858.0,48.0,-109.0,1.5623,0.07,Up
0.07,693.0,421.0,-858.0,48.0,1.29018,0.33,Up
0.33,0.07,693.0,421.0,-858.0,1.52708,18.0,Up
18.0,0.33,0.07,693.0,421.0,1.4901,-792.0,Down
-792.0,18.0,0.33,0.07,693.0,1.58012,0.07,Up
0.07,-792.0,18.0,0.33,0.07,1.5512,-1451.0,Down
-1451.0,0.07,-792.0,18.0,0.33,1.74494,561.0,Up
561.0,-1451.0,0.07,-792.0,18.0,1.50109,789.0,Up
789.0,561.0,-1451.0,0.07,-792.0,1.51875,931.0,Up
931.0,789.0,561.0,-1451.0,0.07,1.52368,-641.0,Down
-641.0,931.0,789.0,561.0,-1451.0,1.79548,566.0,Up
566.0,-641.0,931.0,789.0,561.0,1.70806,-27.0,Down
-27.0,566.0,-641.0,931.0,789.0,1.56854,32.0,Up
32.0,-27.0,566.0,-641.0,931.0,1.61624,962.0,Up
962.0,32.0,-27.0,566.0,-641.0,1.63682,261.0,Up
261.0,962.0,32.0,-27.0,566.0,1.48883,-0.48,Down
-0.48,261.0,962.0,32.0,-27.0,1.52309,-1019.0,Down
-1019.0,-0.48,261.0,962.0,32.0,1.70497,186.0,Up
186.0,-1019.0,-0.48,261.0,962.0,1.60402,-758.0,Down
-758.0,186.0,-1019.0,-0.48,261.0,1.44982,562.0,Up
562.0,-758.0,186.0,-1019.0,-0.48,1.43743,-752.0,Down
-752.0,562.0,-758.0,186.0,-1019.0,1.51353,-808.0,Down
-808.0,-752.0,562.0,-758.0,186.0,1.65319,0.18,Up
0.18,-808.0,-752.0,562.0,-758.0,1.58193,-47.0,Down
-47.0,0.18,-808.0,-752.0,562.0,2.34437,-493.0,Down
-493.0,-47.0,0.18,-808.0,-752.0,1.81944,-1.02,Down
-1.02,-493.0,-47.0,0.18,-808.0,2.11447,0.07,Up
0.07,-1.02,-493.0,-47.0,0.18,2.24687,-95.0,Down
-95.0,0.07,-1.02,-493.0,-47.0,1.72172,244.0,Up
244.0,-95.0,0.07,-1.02,-493.0,1.74622,-0.76,Down
-0.76,244.0,-95.0,0.07,-1.02,2.22325,1377.0,Up
1377.0,-0.76,244.0,-95.0,0.07,2.09711,-69.0,Down
-69.0,1377.0,-0.76,244.0,-95.0,2.21423,-0.65,Down
-0.65,-69.0,1377.0,-0.76,244.0,2.16869,273.0,Up
273.0,-0.65,-69.0,1377.0,-0.76,2.07977,448.0,Up
448.0,273.0,-0.65,-69.0,1377.0,1.8708,227.0,Up
227.0,448.0,273.0,-0.65,-69.0,1.7974,597.0,Up
597.0,227.0,448.0,273.0,-0.65,1.90062,-834.0,Down
-834.0,597.0,227.0,448.0,273.0,1.66133,1.0,Up
1.0,-834.0,597.0,227.0,448.0,1.52531,555.0,Up
555.0,1.0,-834.0,597.0,227.0,1.97983,-1176.0,Down
-1176.0,555.0,1.0,-834.0,597.0,2.04974,-1.0,Down
-1.0,-1176.0,555.0,1.0,-834.0,2.35504,-1672.0,Down
-1672.0,-1.0,-1176.0,555.0,1.0,2.68996,294.0,Up
294.0,-1672.0,-1.0,-1176.0,555.0,2.18067,593.0,Up
593.0,294.0,-1672.0,-1.0,-1176.0,2.1427,-1325.0,Down
-1325.0,593.0,294.0,-1672.0,-1.0,2.21705,1974.0,Up
1974.0,-1325.0,593.0,294.0,-1672.0,2.30856,-675.0,Down
-675.0,1974.0,-1325.0,593.0,294.0,2.04588,866.0,Up
866.0,-675.0,1974.0,-1325.0,593.0,1.79503,-884.0,Down
-884.0,866.0,-675.0,1974.0,-1325.0,1.95974,395.0,Up
395.0,-884.0,866.0,-675.0,1974.0,2.15152,-1138.0,Down
-1138.0,395.0,-884.0,866.0,-675.0,2.18227,1192.0,Up
1192.0,-1138.0,395.0,-884.0,866.0,2.36236,459.0,Up
459.0,1192.0,-1138.0,395.0,-884.0,1.98004,-85.0,Down
-85.0,459.0,1192.0,-1138.0,395.0,2.16702,1247.0,Up
1247.0,-85.0,459.0,1192.0,-1138.0,2.30648,-257.0,Down
-257.0,1247.0,-85.0,459.0,1192.0,1.9971,-109.0,Down
-109.0,-257.0,1247.0,-85.0,459.0,1.7072,639.0,Up
639.0,-109.0,-257.0,1247.0,-85.0,1.85702,-1071.0,Down
-1071.0,639.0,-109.0,-257.0,1247.0,1.88966,419.0,Up
419.0,-1071.0,639.0,-109.0,-257.0,1.83497,-1003.0,Down
-1003.0,419.0,-1071.0,639.0,-109.0,1.99529,-458.0,Down
-458.0,-1003.0,419.0,-1071.0,639.0,2.18859,1009.0,Up
1009.0,-458.0,-1003.0,419.0,-1071.0,1.85686,696.0,Up
696.0,1009.0,-458.0,-1003.0,419.0,1.88726,1002.0,Up
1002.0,696.0,1009.0,-458.0,-1003.0,2.26632,466.0,Up
466.0,1002.0,696.0,1009.0,-458.0,1.77586,-151.0,Down
-151.0,466.0,1002.0,696.0,1009.0,1.63175,385.0,Up
385.0,-151.0,466.0,1002.0,696.0,1.68117,18.0,Up
18.0,385.0,-151.0,466.0,1002.0,1681.0,-0.34,Down
-0.34,18.0,385.0,-151.0,466.0,1.74218,639.0,Up
639.0,-0.34,18.0,385.0,-151.0,1.65411,97.0,Up
97.0,639.0,-0.34,18.0,385.0,1.38143,-607.0,Down
-607.0,97.0,639.0,-0.34,18.0,1.84068,0.9,Up
0.9,-607.0,97.0,639.0,-0.34,1.8101,172.0,Up
172.0,0.9,-607.0,97.0,639.0,1.81379,-687.0,Down
-687.0,172.0,0.9,-607.0,97.0,1.62752,125.0,Up
125.0,-687.0,172.0,0.9,-607.0,1.54712,-21.0,Down
-21.0,125.0,-687.0,172.0,0.9,1.85137,-216.0,Down
-216.0,-21.0,125.0,-687.0,172.0,1.71549,524.0,Up
524.0,-216.0,-21.0,125.0,-687.0,1.82412,-235.0,Down
-235.0,524.0,-216.0,-21.0,125.0,1.66418,226.0,Up
226.0,-235.0,524.0,-216.0,-21.0,1.66135,257.0,Up
257.0,226.0,-235.0,524.0,-216.0,1.69815,222.0,Up
222.0,257.0,226.0,-235.0,524.0,1.84044,363.0,Up
363.0,222.0,257.0,226.0,-235.0,1.77604,495.0,Up
495.0,363.0,222.0,257.0,226.0,2.40737,-71.0,Down
-71.0,495.0,363.0,222.0,257.0,1.71453,-205.0,Down
-205.0,-71.0,495.0,363.0,222.0,1.7207,22.0,Up
22.0,-205.0,-71.0,495.0,363.0,1.82325,-1083.0,Down
-1083.0,22.0,-205.0,-71.0,495.0,2.02992,-763.0,Down
-763.0,-1083.0,22.0,-205.0,-71.0,2.4188,-74.0,Down
-74.0,-763.0,-1083.0,22.0,-205.0,1.73862,914.0,Up
914.0,-74.0,-763.0,-1083.0,22.0,1.77241,-143.0,Down
-143.0,914.0,-74.0,-763.0,-1083.0,1.76928,-0.71,Down
-0.71,-143.0,914.0,-74.0,-763.0,2.10949,261.0,Up
261.0,-0.71,-143.0,914.0,-74.0,1.59382,883.0,Up
883.0,261.0,-0.71,-143.0,914.0,1.80582,-834.0,Down
-834.0,883.0,261.0,-0.71,-143.0,1.88347,245.0,Up
245.0,-834.0,883.0,261.0,-0.71,1.95244,1168.0,Up
1168.0,245.0,-834.0,883.0,261.0,1.90081,625.0,Up
625.0,1168.0,245.0,-834.0,883.0,1.8463,227.0,Up
227.0,625.0,1168.0,245.0,-834.0,1.93201,88.0,Up
88.0,227.0,625.0,1168.0,245.0,1.8125,262.0,Up
262.0,88.0,227.0,625.0,1168.0,2.04871,116.0,Up
116.0,262.0,88.0,227.0,625.0,1.7164,-553.0,Down
-553.0,116.0,262.0,88.0,227.0,1.5821,673.0,Up
673.0,-553.0,116.0,262.0,88.0,2.04128,476.0,Up
476.0,673.0,-553.0,116.0,262.0,2.06334,-661.0,Down
-661.0,476.0,673.0,-553.0,116.0,2.12984,541.0,Up
541.0,-661.0,476.0,673.0,-553.0,1.76699,-377.0,Down
-377.0,541.0,-661.0,476.0,673.0,1.71758,173.0,Up
173.0,-377.0,541.0,-661.0,476.0,1.93418,457.0,Up
457.0,173.0,-377.0,541.0,-661.0,1.9458,0.56,Up
0.56,457.0,173.0,-377.0,541.0,2.00168,-767.0,Down
-767.0,0.56,457.0,173.0,-377.0,1.7896,95.0,Up
95.0,-767.0,0.56,457.0,173.0,1.71687,0.71,Up
0.71,95.0,-767.0,0.56,457.0,2.04312,74.0,Up
74.0,0.71,95.0,-767.0,0.56,1.99998,-737.0,Down
-737.0,74.0,0.71,95.0,-767.0,1.98122,-764.0,Down
-764.0,-737.0,74.0,0.71,95.0,1.93028,-268.0,Down
-268.0,-764.0,-737.0,74.0,0.71,1.80414,674.0,Up
674.0,-268.0,-764.0,-737.0,74.0,1.89752,-183.0,Down
-183.0,674.0,-268.0,-764.0,-737.0,2.17232,706.0,Up
706.0,-183.0,674.0,-268.0,-764.0,1.94156,-599.0,Down
-599.0,706.0,-183.0,674.0,-268.0,1.7093,283.0,Up
283.0,-599.0,706.0,-183.0,674.0,1.56288,-1178.0,Down
-1178.0,283.0,-599.0,706.0,-183.0,1.82041,74.0,Up
74.0,-1178.0,283.0,-599.0,706.0,1.85915,-0.1,Down
-0.1,74.0,-1178.0,283.0,-599.0,1.80817,57.0,Up
57.0,-0.1,74.0,-1178.0,283.0,1.55879,166.0,Up
166.0,57.0,-0.1,74.0,-1178.0,1.62133,-339.0,Down
-339.0,166.0,57.0,-0.1,74.0,1.67862,-657.0,Down
-657.0,-339.0,166.0,57.0,-0.1,1.9308,0.23,Up
0.23,-657.0,-339.0,166.0,57.0,1.57111,-0.6,Down
-0.6,0.23,-657.0,-339.0,166.0,1.54109,596.0,Up
596.0,-0.6,0.23,-657.0,-339.0,1.59945,-319.0,Down
-319.0,596.0,-0.6,0.23,-657.0,1.91647,986.0,Up
986.0,-319.0,596.0,-0.6,0.23,2.36551,103.0,Up
103.0,986.0,-319.0,596.0,-0.6,2.22986,-292.0,Down
-292.0,103.0,986.0,-319.0,596.0,1.64016,1262.0,Up
1262.0,-292.0,103.0,986.0,-319.0,1.93209,241.0,Up
241.0,1262.0,-292.0,103.0,986.0,2.0677,-379.0,Down
-379.0,241.0,1262.0,-292.0,103.0,1.95538,796.0,Up
796.0,-379.0,241.0,1262.0,-292.0,1.99256,-74.0,Down
-74.0,796.0,-379.0,241.0,1262.0,1.93805,-754.0,Down
-754.0,-74.0,796.0,-379.0,241.0,2.08236,-328.0,Down
-328.0,-754.0,-74.0,796.0,-379.0,1.98675,46.0,Up
46.0,-328.0,-754.0,-74.0,796.0,2.07934,829.0,Up
829.0,46.0,-328.0,-754.0,-74.0,3.15247,-557.0,Down
-557.0,829.0,46.0,-328.0,-754.0,2.07654,-786.0,Down
-786.0,-557.0,829.0,46.0,-328.0,2.31925,-912.0,Down
-912.0,-786.0,-557.0,829.0,46.0,2.54815,365.0,Up
365.0,-912.0,-786.0,-557.0,829.0,2.42472,55.0,Up
55.0,365.0,-912.0,-786.0,-557.0,1.97302,28.0,Up
28.0,55.0,365.0,-912.0,-786.0,2.02222,2.0,Up
2.0,28.0,55.0,365.0,-912.0,1.97627,101.0,Up
101.0,2.0,28.0,55.0,365.0,2.10698,887.0,Up
887.0,101.0,2.0,28.0,55.0,2.17612,92.0,Up
92.0,887.0,101.0,2.0,28.0,2.09752,-172.0,Down
-172.0,92.0,887.0,101.0,2.0,2.09749,-997.0,Down
-997.0,-172.0,92.0,887.0,101.0,2.34142,-1489.0,Down
-1489.0,-997.0,-172.0,92.0,887.0,2.54678,-0.41,Down
-0.41,-1489.0,-997.0,-172.0,92.0,2.79203,0.37,Up
0.37,-0.41,-1489.0,-997.0,-172.0,2.12608,-717.0,Down
-717.0,0.37,-0.41,-1489.0,-997.0,2.19599,-207.0,Down
-207.0,-717.0,0.37,-0.41,-1489.0,2.29904,-607.0,Down
-607.0,-207.0,-717.0,0.37,-0.41,2.49128,-71.0,Down
-71.0,-607.0,-207.0,-717.0,0.37,2.35115,827.0,Up
827.0,-71.0,-607.0,-207.0,-717.0,2.18894,297.0,Up
297.0,827.0,-71.0,-607.0,-207.0,2.05457,-1005.0,Down
-1005.0,297.0,827.0,-71.0,-607.0,2.19701,1496.0,Up
1496.0,-1005.0,297.0,827.0,-71.0,2.70359,-1502.0,Down
-1502.0,1496.0,-1005.0,297.0,827.0,2.61725,152.0,Up
152.0,-1502.0,1496.0,-1005.0,297.0,2.47092,1678.0,Up
1678.0,152.0,-1502.0,1496.0,-1005.0,2.19779,-237.0,Down
-237.0,1678.0,152.0,-1502.0,1496.0,2.31247,-431.0,Down
-431.0,-237.0,1678.0,152.0,-1502.0,2.46775,-1048.0,Down
-1048.0,-431.0,-237.0,1678.0,152.0,2.39537,1655.0,Up
1655.0,-1048.0,-431.0,-237.0,1678.0,2.3794,718.0,Up
718.0,1655.0,-1048.0,-431.0,-237.0,2.56747,-352.0,Down
-352.0,718.0,1655.0,-1048.0,-431.0,2.45785,998.0,Up
998.0,-352.0,718.0,1655.0,-1048.0,2.64809,426.0,Up
426.0,998.0,-352.0,718.0,1655.0,2.71663,16.0,Up
16.0,426.0,998.0,-352.0,718.0,2.05051,219.0,Up
219.0,16.0,426.0,998.0,-352.0,1.98758,-345.0,Down
-345.0,219.0,16.0,426.0,998.0,1.96505,169.0,Up
169.0,-345.0,219.0,16.0,426.0,2.21446,845.0,Up
845.0,169.0,-345.0,219.0,16.0,2.37846,305.0,Up
305.0,845.0,169.0,-345.0,219.0,1.77314,-78.0,Down
-78.0,305.0,845.0,169.0,-345.0,1.89978,-385.0,Down
-385.0,-78.0,305.0,845.0,169.0,2.35937,179.0,Up
179.0,-385.0,-78.0,305.0,845.0,2.12158,941.0,Up
941.0,179.0,-385.0,-78.0,305.0,2.29804,0.44,Up
0.44,941.0,179.0,-385.0,-78.0,2.45329,527.0,Up
527.0,0.44,941.0,179.0,-385.0,2.11735,508.0,Up
508.0,527.0,0.44,941.0,179.0,2.29142,347.0,Up
347.0,508.0,527.0,0.44,941.0,1.9854,209.0,Up
209.0,347.0,508.0,527.0,0.44,0.72494,-851.0,Down
-851.0,209.0,347.0,508.0,527.0,2.0169,2.0,Up
2.0,-851.0,209.0,347.0,508.0,2.26834,-636.0,Down
-636.0,2.0,-851.0,209.0,347.0,2.37469,1216.0,Up
1216.0,-636.0,2.0,-851.0,209.0,2.61483,32.0,Up
32.0,1216.0,-636.0,2.0,-851.0,2.12558,-236.0,Down
-236.0,32.0,1216.0,-636.0,2.0,2.32584,128.0,Up
128.0,-236.0,32.0,1216.0,-636.0,2.11074,-501.0,Down
-501.0,128.0,-236.0,32.0,1216.0,2.09383,-122.0,Down
-122.0,-501.0,128.0,-236.0,32.0,2.1783,281.0,Up
281.0,-122.0,-501.0,128.0,-236.0,1.89629,84.0,Up
84.0,281.0,-122.0,-501.0,128.0,1.87655,555.0,Up
555.0,84.0,281.0,-122.0,-501.0,2.39002,419.0,Up
419.0,555.0,84.0,281.0,-122.0,2.14552,-141.0,Down
-141.0,419.0,555.0,84.0,281.0,2.18059,-285.0,Down
-285.0,-141.0,419.0,555.0,84.0,2.58419,-584.0,Down
-584.0,-285.0,-141.0,419.0,555.0,2.20881,-24.0,Down
-24.0,-584.0,-285.0,-141.0,419.0,1.99669,252.0,Up
252.0,-24.0,-584.0,-285.0,-141.0,2.06517,422.0,Up
422.0,252.0,-24.0,-584.0,-285.0,1.8885,43.0,Up
43.0,422.0,252.0,-24.0,-584.0,1.28581,-955.0,Down
-955.0,43.0,422.0,252.0,-24.0,1.54047,0.13,Up
0.13,-955.0,43.0,422.0,252.0,1.42236,-298.0,Down
-298.0,0.13,-955.0,43.0,422.0,1.38254,-489.0,Down
